raceId,y_true,y_pred,race_name,Link
1145,1,1,"Australian Grand Prix, Melbourne",https://www.formula1.com/en/latest/article/highlights-relive-the-exhilarating-australian-grand-prix-action-as-norris.10ymToSWmNl1098Ura6XHa
1145,1,1,"Australian Grand Prix, Melbourne",https://www.formula1.com/en/latest/article/highlights-relive-the-exhilarating-australian-grand-prix-action-as-norris.10ymToSWmNl1098Ura6XHa
1145,1,1,"Australian Grand Prix, Melbourne",https://www.formula1.com/en/latest/article/highlights-relive-the-exhilarating-australian-grand-prix-action-as-norris.10ymToSWmNl1098Ura6XHa
1145,1,1,"Australian Grand Prix, Melbourne",https://www.formula1.com/en/latest/article/highlights-relive-the-exhilarating-australian-grand-prix-action-as-norris.10ymToSWmNl1098Ura6XHa
1145,1,1,"Australian Grand Prix, Melbourne",https://www.formula1.com/en/latest/article/highlights-relive-the-exhilarating-australian-grand-prix-action-as-norris.10ymToSWmNl1098Ura6XHa
1145,1,1,"Australian Grand Prix, Melbourne",https://www.formula1.com/en/latest/article/highlights-relive-the-exhilarating-australian-grand-prix-action-as-norris.10ymToSWmNl1098Ura6XHa
1145,1,1,"Australian Grand Prix, Melbourne",https://www.formula1.com/en/latest/article/highlights-relive-the-exhilarating-australian-grand-prix-action-as-norris.10ymToSWmNl1098Ura6XHa
1145,1,1,"Australian Grand Prix, Melbourne",https://www.formula1.com/en/latest/article/highlights-relive-the-exhilarating-australian-grand-prix-action-as-norris.10ymToSWmNl1098Ura6XHa
1145,1,1,"Australian Grand Prix, Melbourne",https://www.formula1.com/en/latest/article/highlights-relive-the-exhilarating-australian-grand-prix-action-as-norris.10ymToSWmNl1098Ura6XHa
1145,1,1,"Australian Grand Prix, Melbourne",https://www.formula1.com/en/latest/article/highlights-relive-the-exhilarating-australian-grand-prix-action-as-norris.10ymToSWmNl1098Ura6XHa
1145,1,1,"Australian Grand Prix, Melbourne",https://www.formula1.com/en/latest/article/highlights-relive-the-exhilarating-australian-grand-prix-action-as-norris.10ymToSWmNl1098Ura6XHa
1145,1,1,"Australian Grand Prix, Melbourne",https://www.formula1.com/en/latest/article/highlights-relive-the-exhilarating-australian-grand-prix-action-as-norris.10ymToSWmNl1098Ura6XHa
1145,1,1,"Australian Grand Prix, Melbourne",https://www.formula1.com/en/latest/article/highlights-relive-the-exhilarating-australian-grand-prix-action-as-norris.10ymToSWmNl1098Ura6XHa
1145,1,1,"Australian Grand Prix, Melbourne",https://www.formula1.com/en/latest/article/highlights-relive-the-exhilarating-australian-grand-prix-action-as-norris.10ymToSWmNl1098Ura6XHa
1145,1,1,"Australian Grand Prix, Melbourne",https://www.formula1.com/en/latest/article/highlights-relive-the-exhilarating-australian-grand-prix-action-as-norris.10ymToSWmNl1098Ura6XHa
1145,1,1,"Australian Grand Prix, Melbourne",https://www.formula1.com/en/latest/article/highlights-relive-the-exhilarating-australian-grand-prix-action-as-norris.10ymToSWmNl1098Ura6XHa
1145,1,1,"Australian Grand Prix, Melbourne",https://www.formula1.com/en/latest/article/highlights-relive-the-exhilarating-australian-grand-prix-action-as-norris.10ymToSWmNl1098Ura6XHa
1145,1,1,"Australian Grand Prix, Melbourne",https://www.formula1.com/en/latest/article/highlights-relive-the-exhilarating-australian-grand-prix-action-as-norris.10ymToSWmNl1098Ura6XHa
1145,1,1,"Australian Grand Prix, Melbourne",https://www.formula1.com/en/latest/article/highlights-relive-the-exhilarating-australian-grand-prix-action-as-norris.10ymToSWmNl1098Ura6XHa
1145,1,1,"Australian Grand Prix, Melbourne",https://www.formula1.com/en/latest/article/highlights-relive-the-exhilarating-australian-grand-prix-action-as-norris.10ymToSWmNl1098Ura6XHa
1146,0,0,"Chinese Grand Prix, Shanghai",https://www.formula1.com/en/latest/article/highlights-watch-the-action-as-piastri-takes-chinese-grand-prix-victory-in.4oxnfp2ko03MjHTvkqwIoH
1146,0,0,"Chinese Grand Prix, Shanghai",https://www.formula1.com/en/latest/article/highlights-watch-the-action-as-piastri-takes-chinese-grand-prix-victory-in.4oxnfp2ko03MjHTvkqwIoH
1146,0,0,"Chinese Grand Prix, Shanghai",https://www.formula1.com/en/latest/article/highlights-watch-the-action-as-piastri-takes-chinese-grand-prix-victory-in.4oxnfp2ko03MjHTvkqwIoH
1146,0,0,"Chinese Grand Prix, Shanghai",https://www.formula1.com/en/latest/article/highlights-watch-the-action-as-piastri-takes-chinese-grand-prix-victory-in.4oxnfp2ko03MjHTvkqwIoH
1146,0,0,"Chinese Grand Prix, Shanghai",https://www.formula1.com/en/latest/article/highlights-watch-the-action-as-piastri-takes-chinese-grand-prix-victory-in.4oxnfp2ko03MjHTvkqwIoH
1146,0,0,"Chinese Grand Prix, Shanghai",https://www.formula1.com/en/latest/article/highlights-watch-the-action-as-piastri-takes-chinese-grand-prix-victory-in.4oxnfp2ko03MjHTvkqwIoH
1146,0,0,"Chinese Grand Prix, Shanghai",https://www.formula1.com/en/latest/article/highlights-watch-the-action-as-piastri-takes-chinese-grand-prix-victory-in.4oxnfp2ko03MjHTvkqwIoH
1146,0,0,"Chinese Grand Prix, Shanghai",https://www.formula1.com/en/latest/article/highlights-watch-the-action-as-piastri-takes-chinese-grand-prix-victory-in.4oxnfp2ko03MjHTvkqwIoH
1146,0,0,"Chinese Grand Prix, Shanghai",https://www.formula1.com/en/latest/article/highlights-watch-the-action-as-piastri-takes-chinese-grand-prix-victory-in.4oxnfp2ko03MjHTvkqwIoH
1146,0,0,"Chinese Grand Prix, Shanghai",https://www.formula1.com/en/latest/article/highlights-watch-the-action-as-piastri-takes-chinese-grand-prix-victory-in.4oxnfp2ko03MjHTvkqwIoH
1146,0,0,"Chinese Grand Prix, Shanghai",https://www.formula1.com/en/latest/article/highlights-watch-the-action-as-piastri-takes-chinese-grand-prix-victory-in.4oxnfp2ko03MjHTvkqwIoH
1146,0,0,"Chinese Grand Prix, Shanghai",https://www.formula1.com/en/latest/article/highlights-watch-the-action-as-piastri-takes-chinese-grand-prix-victory-in.4oxnfp2ko03MjHTvkqwIoH
1146,0,0,"Chinese Grand Prix, Shanghai",https://www.formula1.com/en/latest/article/highlights-watch-the-action-as-piastri-takes-chinese-grand-prix-victory-in.4oxnfp2ko03MjHTvkqwIoH
1146,0,0,"Chinese Grand Prix, Shanghai",https://www.formula1.com/en/latest/article/highlights-watch-the-action-as-piastri-takes-chinese-grand-prix-victory-in.4oxnfp2ko03MjHTvkqwIoH
1146,0,0,"Chinese Grand Prix, Shanghai",https://www.formula1.com/en/latest/article/highlights-watch-the-action-as-piastri-takes-chinese-grand-prix-victory-in.4oxnfp2ko03MjHTvkqwIoH
1146,0,0,"Chinese Grand Prix, Shanghai",https://www.formula1.com/en/latest/article/highlights-watch-the-action-as-piastri-takes-chinese-grand-prix-victory-in.4oxnfp2ko03MjHTvkqwIoH
1146,0,0,"Chinese Grand Prix, Shanghai",https://www.formula1.com/en/latest/article/highlights-watch-the-action-as-piastri-takes-chinese-grand-prix-victory-in.4oxnfp2ko03MjHTvkqwIoH
1146,0,0,"Chinese Grand Prix, Shanghai",https://www.formula1.com/en/latest/article/highlights-watch-the-action-as-piastri-takes-chinese-grand-prix-victory-in.4oxnfp2ko03MjHTvkqwIoH
1146,0,0,"Chinese Grand Prix, Shanghai",https://www.formula1.com/en/latest/article/highlights-watch-the-action-as-piastri-takes-chinese-grand-prix-victory-in.4oxnfp2ko03MjHTvkqwIoH
1146,0,0,"Chinese Grand Prix, Shanghai",https://www.formula1.com/en/latest/article/highlights-watch-the-action-as-piastri-takes-chinese-grand-prix-victory-in.4oxnfp2ko03MjHTvkqwIoH
1147,0,1,"Japanese Grand Prix, Suzuka",https://www.formula1.com/en/latest/article/highlights-catch-up-on-verstappens-stellar-victory-at-the-japanese-grand.1Fv1bf2Nq44oMcZAlsvZr1
1147,0,1,"Japanese Grand Prix, Suzuka",https://www.formula1.com/en/latest/article/highlights-catch-up-on-verstappens-stellar-victory-at-the-japanese-grand.1Fv1bf2Nq44oMcZAlsvZr1
1147,0,1,"Japanese Grand Prix, Suzuka",https://www.formula1.com/en/latest/article/highlights-catch-up-on-verstappens-stellar-victory-at-the-japanese-grand.1Fv1bf2Nq44oMcZAlsvZr1
1147,0,1,"Japanese Grand Prix, Suzuka",https://www.formula1.com/en/latest/article/highlights-catch-up-on-verstappens-stellar-victory-at-the-japanese-grand.1Fv1bf2Nq44oMcZAlsvZr1
1147,0,1,"Japanese Grand Prix, Suzuka",https://www.formula1.com/en/latest/article/highlights-catch-up-on-verstappens-stellar-victory-at-the-japanese-grand.1Fv1bf2Nq44oMcZAlsvZr1
1147,0,1,"Japanese Grand Prix, Suzuka",https://www.formula1.com/en/latest/article/highlights-catch-up-on-verstappens-stellar-victory-at-the-japanese-grand.1Fv1bf2Nq44oMcZAlsvZr1
1147,0,1,"Japanese Grand Prix, Suzuka",https://www.formula1.com/en/latest/article/highlights-catch-up-on-verstappens-stellar-victory-at-the-japanese-grand.1Fv1bf2Nq44oMcZAlsvZr1
1147,0,1,"Japanese Grand Prix, Suzuka",https://www.formula1.com/en/latest/article/highlights-catch-up-on-verstappens-stellar-victory-at-the-japanese-grand.1Fv1bf2Nq44oMcZAlsvZr1
1147,0,1,"Japanese Grand Prix, Suzuka",https://www.formula1.com/en/latest/article/highlights-catch-up-on-verstappens-stellar-victory-at-the-japanese-grand.1Fv1bf2Nq44oMcZAlsvZr1
1147,0,1,"Japanese Grand Prix, Suzuka",https://www.formula1.com/en/latest/article/highlights-catch-up-on-verstappens-stellar-victory-at-the-japanese-grand.1Fv1bf2Nq44oMcZAlsvZr1
1147,0,1,"Japanese Grand Prix, Suzuka",https://www.formula1.com/en/latest/article/highlights-catch-up-on-verstappens-stellar-victory-at-the-japanese-grand.1Fv1bf2Nq44oMcZAlsvZr1
1147,0,1,"Japanese Grand Prix, Suzuka",https://www.formula1.com/en/latest/article/highlights-catch-up-on-verstappens-stellar-victory-at-the-japanese-grand.1Fv1bf2Nq44oMcZAlsvZr1
1147,0,1,"Japanese Grand Prix, Suzuka",https://www.formula1.com/en/latest/article/highlights-catch-up-on-verstappens-stellar-victory-at-the-japanese-grand.1Fv1bf2Nq44oMcZAlsvZr1
1147,0,1,"Japanese Grand Prix, Suzuka",https://www.formula1.com/en/latest/article/highlights-catch-up-on-verstappens-stellar-victory-at-the-japanese-grand.1Fv1bf2Nq44oMcZAlsvZr1
1147,0,1,"Japanese Grand Prix, Suzuka",https://www.formula1.com/en/latest/article/highlights-catch-up-on-verstappens-stellar-victory-at-the-japanese-grand.1Fv1bf2Nq44oMcZAlsvZr1
1147,0,1,"Japanese Grand Prix, Suzuka",https://www.formula1.com/en/latest/article/highlights-catch-up-on-verstappens-stellar-victory-at-the-japanese-grand.1Fv1bf2Nq44oMcZAlsvZr1
1147,0,1,"Japanese Grand Prix, Suzuka",https://www.formula1.com/en/latest/article/highlights-catch-up-on-verstappens-stellar-victory-at-the-japanese-grand.1Fv1bf2Nq44oMcZAlsvZr1
1147,0,1,"Japanese Grand Prix, Suzuka",https://www.formula1.com/en/latest/article/highlights-catch-up-on-verstappens-stellar-victory-at-the-japanese-grand.1Fv1bf2Nq44oMcZAlsvZr1
1147,0,1,"Japanese Grand Prix, Suzuka",https://www.formula1.com/en/latest/article/highlights-catch-up-on-verstappens-stellar-victory-at-the-japanese-grand.1Fv1bf2Nq44oMcZAlsvZr1
1147,0,1,"Japanese Grand Prix, Suzuka",https://www.formula1.com/en/latest/article/highlights-catch-up-on-verstappens-stellar-victory-at-the-japanese-grand.1Fv1bf2Nq44oMcZAlsvZr1
1148,1,0,"BAHRAIN GRAND PRIX, Sakhir",https://www.formula1.com/en/latest/article/highlights-catch-up-on-piastris-stellar-run-to-victory-at-the-bahrain-grand.4tcI2jtntkeZH4BTgKffUQ
1148,1,0,"BAHRAIN GRAND PRIX, Sakhir",https://www.formula1.com/en/latest/article/highlights-catch-up-on-piastris-stellar-run-to-victory-at-the-bahrain-grand.4tcI2jtntkeZH4BTgKffUQ
1148,1,0,"BAHRAIN GRAND PRIX, Sakhir",https://www.formula1.com/en/latest/article/highlights-catch-up-on-piastris-stellar-run-to-victory-at-the-bahrain-grand.4tcI2jtntkeZH4BTgKffUQ
1148,1,0,"BAHRAIN GRAND PRIX, Sakhir",https://www.formula1.com/en/latest/article/highlights-catch-up-on-piastris-stellar-run-to-victory-at-the-bahrain-grand.4tcI2jtntkeZH4BTgKffUQ
1148,1,0,"BAHRAIN GRAND PRIX, Sakhir",https://www.formula1.com/en/latest/article/highlights-catch-up-on-piastris-stellar-run-to-victory-at-the-bahrain-grand.4tcI2jtntkeZH4BTgKffUQ
1148,1,0,"BAHRAIN GRAND PRIX, Sakhir",https://www.formula1.com/en/latest/article/highlights-catch-up-on-piastris-stellar-run-to-victory-at-the-bahrain-grand.4tcI2jtntkeZH4BTgKffUQ
1148,1,0,"BAHRAIN GRAND PRIX, Sakhir",https://www.formula1.com/en/latest/article/highlights-catch-up-on-piastris-stellar-run-to-victory-at-the-bahrain-grand.4tcI2jtntkeZH4BTgKffUQ
1148,1,0,"BAHRAIN GRAND PRIX, Sakhir",https://www.formula1.com/en/latest/article/highlights-catch-up-on-piastris-stellar-run-to-victory-at-the-bahrain-grand.4tcI2jtntkeZH4BTgKffUQ
1148,1,0,"BAHRAIN GRAND PRIX, Sakhir",https://www.formula1.com/en/latest/article/highlights-catch-up-on-piastris-stellar-run-to-victory-at-the-bahrain-grand.4tcI2jtntkeZH4BTgKffUQ
1148,1,0,"BAHRAIN GRAND PRIX, Sakhir",https://www.formula1.com/en/latest/article/highlights-catch-up-on-piastris-stellar-run-to-victory-at-the-bahrain-grand.4tcI2jtntkeZH4BTgKffUQ
1148,1,0,"BAHRAIN GRAND PRIX, Sakhir",https://www.formula1.com/en/latest/article/highlights-catch-up-on-piastris-stellar-run-to-victory-at-the-bahrain-grand.4tcI2jtntkeZH4BTgKffUQ
1148,1,0,"BAHRAIN GRAND PRIX, Sakhir",https://www.formula1.com/en/latest/article/highlights-catch-up-on-piastris-stellar-run-to-victory-at-the-bahrain-grand.4tcI2jtntkeZH4BTgKffUQ
1148,1,0,"BAHRAIN GRAND PRIX, Sakhir",https://www.formula1.com/en/latest/article/highlights-catch-up-on-piastris-stellar-run-to-victory-at-the-bahrain-grand.4tcI2jtntkeZH4BTgKffUQ
1148,1,0,"BAHRAIN GRAND PRIX, Sakhir",https://www.formula1.com/en/latest/article/highlights-catch-up-on-piastris-stellar-run-to-victory-at-the-bahrain-grand.4tcI2jtntkeZH4BTgKffUQ
1148,1,0,"BAHRAIN GRAND PRIX, Sakhir",https://www.formula1.com/en/latest/article/highlights-catch-up-on-piastris-stellar-run-to-victory-at-the-bahrain-grand.4tcI2jtntkeZH4BTgKffUQ
1148,1,0,"BAHRAIN GRAND PRIX, Sakhir",https://www.formula1.com/en/latest/article/highlights-catch-up-on-piastris-stellar-run-to-victory-at-the-bahrain-grand.4tcI2jtntkeZH4BTgKffUQ
1148,1,0,"BAHRAIN GRAND PRIX, Sakhir",https://www.formula1.com/en/latest/article/highlights-catch-up-on-piastris-stellar-run-to-victory-at-the-bahrain-grand.4tcI2jtntkeZH4BTgKffUQ
1148,1,0,"BAHRAIN GRAND PRIX, Sakhir",https://www.formula1.com/en/latest/article/highlights-catch-up-on-piastris-stellar-run-to-victory-at-the-bahrain-grand.4tcI2jtntkeZH4BTgKffUQ
1148,1,0,"BAHRAIN GRAND PRIX, Sakhir",https://www.formula1.com/en/latest/article/highlights-catch-up-on-piastris-stellar-run-to-victory-at-the-bahrain-grand.4tcI2jtntkeZH4BTgKffUQ
1148,1,0,"BAHRAIN GRAND PRIX, Sakhir",https://www.formula1.com/en/latest/article/highlights-catch-up-on-piastris-stellar-run-to-victory-at-the-bahrain-grand.4tcI2jtntkeZH4BTgKffUQ
1149,1,1,"Saudi Arabian Grand Prix, Jeddah",https://www.formula1.com/en/latest/article/highlights-relive-piastris-victory-in-saudi-arabia-as-mclaren-man-comes-out.2wN7yo8C6sABKsECmWej46
1149,1,1,"Saudi Arabian Grand Prix, Jeddah",https://www.formula1.com/en/latest/article/highlights-relive-piastris-victory-in-saudi-arabia-as-mclaren-man-comes-out.2wN7yo8C6sABKsECmWej46
1149,1,1,"Saudi Arabian Grand Prix, Jeddah",https://www.formula1.com/en/latest/article/highlights-relive-piastris-victory-in-saudi-arabia-as-mclaren-man-comes-out.2wN7yo8C6sABKsECmWej46
1149,1,1,"Saudi Arabian Grand Prix, Jeddah",https://www.formula1.com/en/latest/article/highlights-relive-piastris-victory-in-saudi-arabia-as-mclaren-man-comes-out.2wN7yo8C6sABKsECmWej46
1149,1,1,"Saudi Arabian Grand Prix, Jeddah",https://www.formula1.com/en/latest/article/highlights-relive-piastris-victory-in-saudi-arabia-as-mclaren-man-comes-out.2wN7yo8C6sABKsECmWej46
1149,1,1,"Saudi Arabian Grand Prix, Jeddah",https://www.formula1.com/en/latest/article/highlights-relive-piastris-victory-in-saudi-arabia-as-mclaren-man-comes-out.2wN7yo8C6sABKsECmWej46
1149,1,1,"Saudi Arabian Grand Prix, Jeddah",https://www.formula1.com/en/latest/article/highlights-relive-piastris-victory-in-saudi-arabia-as-mclaren-man-comes-out.2wN7yo8C6sABKsECmWej46
1149,1,1,"Saudi Arabian Grand Prix, Jeddah",https://www.formula1.com/en/latest/article/highlights-relive-piastris-victory-in-saudi-arabia-as-mclaren-man-comes-out.2wN7yo8C6sABKsECmWej46
1149,1,1,"Saudi Arabian Grand Prix, Jeddah",https://www.formula1.com/en/latest/article/highlights-relive-piastris-victory-in-saudi-arabia-as-mclaren-man-comes-out.2wN7yo8C6sABKsECmWej46
1149,1,1,"Saudi Arabian Grand Prix, Jeddah",https://www.formula1.com/en/latest/article/highlights-relive-piastris-victory-in-saudi-arabia-as-mclaren-man-comes-out.2wN7yo8C6sABKsECmWej46
1149,1,1,"Saudi Arabian Grand Prix, Jeddah",https://www.formula1.com/en/latest/article/highlights-relive-piastris-victory-in-saudi-arabia-as-mclaren-man-comes-out.2wN7yo8C6sABKsECmWej46
1149,1,1,"Saudi Arabian Grand Prix, Jeddah",https://www.formula1.com/en/latest/article/highlights-relive-piastris-victory-in-saudi-arabia-as-mclaren-man-comes-out.2wN7yo8C6sABKsECmWej46
1149,1,1,"Saudi Arabian Grand Prix, Jeddah",https://www.formula1.com/en/latest/article/highlights-relive-piastris-victory-in-saudi-arabia-as-mclaren-man-comes-out.2wN7yo8C6sABKsECmWej46
1149,1,1,"Saudi Arabian Grand Prix, Jeddah",https://www.formula1.com/en/latest/article/highlights-relive-piastris-victory-in-saudi-arabia-as-mclaren-man-comes-out.2wN7yo8C6sABKsECmWej46
1149,1,1,"Saudi Arabian Grand Prix, Jeddah",https://www.formula1.com/en/latest/article/highlights-relive-piastris-victory-in-saudi-arabia-as-mclaren-man-comes-out.2wN7yo8C6sABKsECmWej46
1149,1,1,"Saudi Arabian Grand Prix, Jeddah",https://www.formula1.com/en/latest/article/highlights-relive-piastris-victory-in-saudi-arabia-as-mclaren-man-comes-out.2wN7yo8C6sABKsECmWej46
1149,1,1,"Saudi Arabian Grand Prix, Jeddah",https://www.formula1.com/en/latest/article/highlights-relive-piastris-victory-in-saudi-arabia-as-mclaren-man-comes-out.2wN7yo8C6sABKsECmWej46
1149,1,1,"Saudi Arabian Grand Prix, Jeddah",https://www.formula1.com/en/latest/article/highlights-relive-piastris-victory-in-saudi-arabia-as-mclaren-man-comes-out.2wN7yo8C6sABKsECmWej46
1149,1,1,"Saudi Arabian Grand Prix, Jeddah",https://www.formula1.com/en/latest/article/highlights-relive-piastris-victory-in-saudi-arabia-as-mclaren-man-comes-out.2wN7yo8C6sABKsECmWej46
1149,1,1,"Saudi Arabian Grand Prix, Jeddah",https://www.formula1.com/en/latest/article/highlights-relive-piastris-victory-in-saudi-arabia-as-mclaren-man-comes-out.2wN7yo8C6sABKsECmWej46
1150,1,1,"Miami Grand Prix, Miami",https://www.formula1.com/en/latest/article/highlights-piastri-leads-mclaren-1-2-after-thrilling-race-in-miami.58GLPzRhL7aEvP6d9VwHbm
1150,1,1,"Miami Grand Prix, Miami",https://www.formula1.com/en/latest/article/highlights-piastri-leads-mclaren-1-2-after-thrilling-race-in-miami.58GLPzRhL7aEvP6d9VwHbm
1150,1,1,"Miami Grand Prix, Miami",https://www.formula1.com/en/latest/article/highlights-piastri-leads-mclaren-1-2-after-thrilling-race-in-miami.58GLPzRhL7aEvP6d9VwHbm
1150,1,1,"Miami Grand Prix, Miami",https://www.formula1.com/en/latest/article/highlights-piastri-leads-mclaren-1-2-after-thrilling-race-in-miami.58GLPzRhL7aEvP6d9VwHbm
1150,1,1,"Miami Grand Prix, Miami",https://www.formula1.com/en/latest/article/highlights-piastri-leads-mclaren-1-2-after-thrilling-race-in-miami.58GLPzRhL7aEvP6d9VwHbm
1150,1,1,"Miami Grand Prix, Miami",https://www.formula1.com/en/latest/article/highlights-piastri-leads-mclaren-1-2-after-thrilling-race-in-miami.58GLPzRhL7aEvP6d9VwHbm
1150,1,1,"Miami Grand Prix, Miami",https://www.formula1.com/en/latest/article/highlights-piastri-leads-mclaren-1-2-after-thrilling-race-in-miami.58GLPzRhL7aEvP6d9VwHbm
1150,1,1,"Miami Grand Prix, Miami",https://www.formula1.com/en/latest/article/highlights-piastri-leads-mclaren-1-2-after-thrilling-race-in-miami.58GLPzRhL7aEvP6d9VwHbm
1150,1,1,"Miami Grand Prix, Miami",https://www.formula1.com/en/latest/article/highlights-piastri-leads-mclaren-1-2-after-thrilling-race-in-miami.58GLPzRhL7aEvP6d9VwHbm
1150,1,1,"Miami Grand Prix, Miami",https://www.formula1.com/en/latest/article/highlights-piastri-leads-mclaren-1-2-after-thrilling-race-in-miami.58GLPzRhL7aEvP6d9VwHbm
1150,1,1,"Miami Grand Prix, Miami",https://www.formula1.com/en/latest/article/highlights-piastri-leads-mclaren-1-2-after-thrilling-race-in-miami.58GLPzRhL7aEvP6d9VwHbm
1150,1,1,"Miami Grand Prix, Miami",https://www.formula1.com/en/latest/article/highlights-piastri-leads-mclaren-1-2-after-thrilling-race-in-miami.58GLPzRhL7aEvP6d9VwHbm
1150,1,1,"Miami Grand Prix, Miami",https://www.formula1.com/en/latest/article/highlights-piastri-leads-mclaren-1-2-after-thrilling-race-in-miami.58GLPzRhL7aEvP6d9VwHbm
1150,1,1,"Miami Grand Prix, Miami",https://www.formula1.com/en/latest/article/highlights-piastri-leads-mclaren-1-2-after-thrilling-race-in-miami.58GLPzRhL7aEvP6d9VwHbm
1150,1,1,"Miami Grand Prix, Miami",https://www.formula1.com/en/latest/article/highlights-piastri-leads-mclaren-1-2-after-thrilling-race-in-miami.58GLPzRhL7aEvP6d9VwHbm
1150,1,1,"Miami Grand Prix, Miami",https://www.formula1.com/en/latest/article/highlights-piastri-leads-mclaren-1-2-after-thrilling-race-in-miami.58GLPzRhL7aEvP6d9VwHbm
1150,1,1,"Miami Grand Prix, Miami",https://www.formula1.com/en/latest/article/highlights-piastri-leads-mclaren-1-2-after-thrilling-race-in-miami.58GLPzRhL7aEvP6d9VwHbm
1150,1,1,"Miami Grand Prix, Miami",https://www.formula1.com/en/latest/article/highlights-piastri-leads-mclaren-1-2-after-thrilling-race-in-miami.58GLPzRhL7aEvP6d9VwHbm
1150,1,1,"Miami Grand Prix, Miami",https://www.formula1.com/en/latest/article/highlights-piastri-leads-mclaren-1-2-after-thrilling-race-in-miami.58GLPzRhL7aEvP6d9VwHbm
1150,1,1,"Miami Grand Prix, Miami",https://www.formula1.com/en/latest/article/highlights-piastri-leads-mclaren-1-2-after-thrilling-race-in-miami.58GLPzRhL7aEvP6d9VwHbm
1151,1,1,"Emilia-Romagna Grand Prix, Imola",https://www.formula1.com/en/latest/article/highlights-relive-verstappens-breathtaking-first-lap-overtake-on-piastri-en.6DJ0B5szZuxfWtIcqY1my7
1151,1,1,"Emilia-Romagna Grand Prix, Imola",https://www.formula1.com/en/latest/article/highlights-relive-verstappens-breathtaking-first-lap-overtake-on-piastri-en.6DJ0B5szZuxfWtIcqY1my7
1151,1,1,"Emilia-Romagna Grand Prix, Imola",https://www.formula1.com/en/latest/article/highlights-relive-verstappens-breathtaking-first-lap-overtake-on-piastri-en.6DJ0B5szZuxfWtIcqY1my7
1151,1,1,"Emilia-Romagna Grand Prix, Imola",https://www.formula1.com/en/latest/article/highlights-relive-verstappens-breathtaking-first-lap-overtake-on-piastri-en.6DJ0B5szZuxfWtIcqY1my7
1151,1,1,"Emilia-Romagna Grand Prix, Imola",https://www.formula1.com/en/latest/article/highlights-relive-verstappens-breathtaking-first-lap-overtake-on-piastri-en.6DJ0B5szZuxfWtIcqY1my7
1151,1,1,"Emilia-Romagna Grand Prix, Imola",https://www.formula1.com/en/latest/article/highlights-relive-verstappens-breathtaking-first-lap-overtake-on-piastri-en.6DJ0B5szZuxfWtIcqY1my7
1151,1,1,"Emilia-Romagna Grand Prix, Imola",https://www.formula1.com/en/latest/article/highlights-relive-verstappens-breathtaking-first-lap-overtake-on-piastri-en.6DJ0B5szZuxfWtIcqY1my7
1151,1,1,"Emilia-Romagna Grand Prix, Imola",https://www.formula1.com/en/latest/article/highlights-relive-verstappens-breathtaking-first-lap-overtake-on-piastri-en.6DJ0B5szZuxfWtIcqY1my7
1151,1,1,"Emilia-Romagna Grand Prix, Imola",https://www.formula1.com/en/latest/article/highlights-relive-verstappens-breathtaking-first-lap-overtake-on-piastri-en.6DJ0B5szZuxfWtIcqY1my7
1151,1,1,"Emilia-Romagna Grand Prix, Imola",https://www.formula1.com/en/latest/article/highlights-relive-verstappens-breathtaking-first-lap-overtake-on-piastri-en.6DJ0B5szZuxfWtIcqY1my7
1151,1,1,"Emilia-Romagna Grand Prix, Imola",https://www.formula1.com/en/latest/article/highlights-relive-verstappens-breathtaking-first-lap-overtake-on-piastri-en.6DJ0B5szZuxfWtIcqY1my7
1151,1,1,"Emilia-Romagna Grand Prix, Imola",https://www.formula1.com/en/latest/article/highlights-relive-verstappens-breathtaking-first-lap-overtake-on-piastri-en.6DJ0B5szZuxfWtIcqY1my7
1151,1,1,"Emilia-Romagna Grand Prix, Imola",https://www.formula1.com/en/latest/article/highlights-relive-verstappens-breathtaking-first-lap-overtake-on-piastri-en.6DJ0B5szZuxfWtIcqY1my7
1151,1,1,"Emilia-Romagna Grand Prix, Imola",https://www.formula1.com/en/latest/article/highlights-relive-verstappens-breathtaking-first-lap-overtake-on-piastri-en.6DJ0B5szZuxfWtIcqY1my7
1151,1,1,"Emilia-Romagna Grand Prix, Imola",https://www.formula1.com/en/latest/article/highlights-relive-verstappens-breathtaking-first-lap-overtake-on-piastri-en.6DJ0B5szZuxfWtIcqY1my7
1151,1,1,"Emilia-Romagna Grand Prix, Imola",https://www.formula1.com/en/latest/article/highlights-relive-verstappens-breathtaking-first-lap-overtake-on-piastri-en.6DJ0B5szZuxfWtIcqY1my7
1151,1,1,"Emilia-Romagna Grand Prix, Imola",https://www.formula1.com/en/latest/article/highlights-relive-verstappens-breathtaking-first-lap-overtake-on-piastri-en.6DJ0B5szZuxfWtIcqY1my7
1151,1,1,"Emilia-Romagna Grand Prix, Imola",https://www.formula1.com/en/latest/article/highlights-relive-verstappens-breathtaking-first-lap-overtake-on-piastri-en.6DJ0B5szZuxfWtIcqY1my7
1151,1,1,"Emilia-Romagna Grand Prix, Imola",https://www.formula1.com/en/latest/article/highlights-relive-verstappens-breathtaking-first-lap-overtake-on-piastri-en.6DJ0B5szZuxfWtIcqY1my7
1151,1,1,"Emilia-Romagna Grand Prix, Imola",https://www.formula1.com/en/latest/article/highlights-relive-verstappens-breathtaking-first-lap-overtake-on-piastri-en.6DJ0B5szZuxfWtIcqY1my7
1152,1,1,"Monaco Grand Prix, Monaco",https://www.formula1.com/en/latest/article/highlights-relive-norris-first-monaco-grand-prix-victory-after-holding-off.66SdyNicgq1PcwHA9dAFy3
1152,1,1,"Monaco Grand Prix, Monaco",https://www.formula1.com/en/latest/article/highlights-relive-norris-first-monaco-grand-prix-victory-after-holding-off.66SdyNicgq1PcwHA9dAFy3
1152,1,1,"Monaco Grand Prix, Monaco",https://www.formula1.com/en/latest/article/highlights-relive-norris-first-monaco-grand-prix-victory-after-holding-off.66SdyNicgq1PcwHA9dAFy3
1152,1,1,"Monaco Grand Prix, Monaco",https://www.formula1.com/en/latest/article/highlights-relive-norris-first-monaco-grand-prix-victory-after-holding-off.66SdyNicgq1PcwHA9dAFy3
1152,1,1,"Monaco Grand Prix, Monaco",https://www.formula1.com/en/latest/article/highlights-relive-norris-first-monaco-grand-prix-victory-after-holding-off.66SdyNicgq1PcwHA9dAFy3
1152,1,1,"Monaco Grand Prix, Monaco",https://www.formula1.com/en/latest/article/highlights-relive-norris-first-monaco-grand-prix-victory-after-holding-off.66SdyNicgq1PcwHA9dAFy3
1152,1,1,"Monaco Grand Prix, Monaco",https://www.formula1.com/en/latest/article/highlights-relive-norris-first-monaco-grand-prix-victory-after-holding-off.66SdyNicgq1PcwHA9dAFy3
1152,1,1,"Monaco Grand Prix, Monaco",https://www.formula1.com/en/latest/article/highlights-relive-norris-first-monaco-grand-prix-victory-after-holding-off.66SdyNicgq1PcwHA9dAFy3
1152,1,1,"Monaco Grand Prix, Monaco",https://www.formula1.com/en/latest/article/highlights-relive-norris-first-monaco-grand-prix-victory-after-holding-off.66SdyNicgq1PcwHA9dAFy3
1152,1,1,"Monaco Grand Prix, Monaco",https://www.formula1.com/en/latest/article/highlights-relive-norris-first-monaco-grand-prix-victory-after-holding-off.66SdyNicgq1PcwHA9dAFy3
1152,1,1,"Monaco Grand Prix, Monaco",https://www.formula1.com/en/latest/article/highlights-relive-norris-first-monaco-grand-prix-victory-after-holding-off.66SdyNicgq1PcwHA9dAFy3
1152,1,1,"Monaco Grand Prix, Monaco",https://www.formula1.com/en/latest/article/highlights-relive-norris-first-monaco-grand-prix-victory-after-holding-off.66SdyNicgq1PcwHA9dAFy3
1152,1,1,"Monaco Grand Prix, Monaco",https://www.formula1.com/en/latest/article/highlights-relive-norris-first-monaco-grand-prix-victory-after-holding-off.66SdyNicgq1PcwHA9dAFy3
1152,1,1,"Monaco Grand Prix, Monaco",https://www.formula1.com/en/latest/article/highlights-relive-norris-first-monaco-grand-prix-victory-after-holding-off.66SdyNicgq1PcwHA9dAFy3
1152,1,1,"Monaco Grand Prix, Monaco",https://www.formula1.com/en/latest/article/highlights-relive-norris-first-monaco-grand-prix-victory-after-holding-off.66SdyNicgq1PcwHA9dAFy3
1152,1,1,"Monaco Grand Prix, Monaco",https://www.formula1.com/en/latest/article/highlights-relive-norris-first-monaco-grand-prix-victory-after-holding-off.66SdyNicgq1PcwHA9dAFy3
1152,1,1,"Monaco Grand Prix, Monaco",https://www.formula1.com/en/latest/article/highlights-relive-norris-first-monaco-grand-prix-victory-after-holding-off.66SdyNicgq1PcwHA9dAFy3
1152,1,1,"Monaco Grand Prix, Monaco",https://www.formula1.com/en/latest/article/highlights-relive-norris-first-monaco-grand-prix-victory-after-holding-off.66SdyNicgq1PcwHA9dAFy3
1152,1,1,"Monaco Grand Prix, Monaco",https://www.formula1.com/en/latest/article/highlights-relive-norris-first-monaco-grand-prix-victory-after-holding-off.66SdyNicgq1PcwHA9dAFy3
1152,1,1,"Monaco Grand Prix, Monaco",https://www.formula1.com/en/latest/article/highlights-relive-norris-first-monaco-grand-prix-victory-after-holding-off.66SdyNicgq1PcwHA9dAFy3
1153,0,0,"Spanish Grand Prix, Barcelona",https://www.formula1.com/en/latest/article/highlights-watch-the-action-from-the-spanish-gp-as-piastri-wins-while.2pCGxOMtnuOECdUJSTvA5Y
1153,0,0,"Spanish Grand Prix, Barcelona",https://www.formula1.com/en/latest/article/highlights-watch-the-action-from-the-spanish-gp-as-piastri-wins-while.2pCGxOMtnuOECdUJSTvA5Y
1153,0,0,"Spanish Grand Prix, Barcelona",https://www.formula1.com/en/latest/article/highlights-watch-the-action-from-the-spanish-gp-as-piastri-wins-while.2pCGxOMtnuOECdUJSTvA5Y
1153,0,0,"Spanish Grand Prix, Barcelona",https://www.formula1.com/en/latest/article/highlights-watch-the-action-from-the-spanish-gp-as-piastri-wins-while.2pCGxOMtnuOECdUJSTvA5Y
1153,0,0,"Spanish Grand Prix, Barcelona",https://www.formula1.com/en/latest/article/highlights-watch-the-action-from-the-spanish-gp-as-piastri-wins-while.2pCGxOMtnuOECdUJSTvA5Y
1153,0,0,"Spanish Grand Prix, Barcelona",https://www.formula1.com/en/latest/article/highlights-watch-the-action-from-the-spanish-gp-as-piastri-wins-while.2pCGxOMtnuOECdUJSTvA5Y
1153,0,0,"Spanish Grand Prix, Barcelona",https://www.formula1.com/en/latest/article/highlights-watch-the-action-from-the-spanish-gp-as-piastri-wins-while.2pCGxOMtnuOECdUJSTvA5Y
1153,0,0,"Spanish Grand Prix, Barcelona",https://www.formula1.com/en/latest/article/highlights-watch-the-action-from-the-spanish-gp-as-piastri-wins-while.2pCGxOMtnuOECdUJSTvA5Y
1153,0,0,"Spanish Grand Prix, Barcelona",https://www.formula1.com/en/latest/article/highlights-watch-the-action-from-the-spanish-gp-as-piastri-wins-while.2pCGxOMtnuOECdUJSTvA5Y
1153,0,0,"Spanish Grand Prix, Barcelona",https://www.formula1.com/en/latest/article/highlights-watch-the-action-from-the-spanish-gp-as-piastri-wins-while.2pCGxOMtnuOECdUJSTvA5Y
1153,0,0,"Spanish Grand Prix, Barcelona",https://www.formula1.com/en/latest/article/highlights-watch-the-action-from-the-spanish-gp-as-piastri-wins-while.2pCGxOMtnuOECdUJSTvA5Y
1153,0,0,"Spanish Grand Prix, Barcelona",https://www.formula1.com/en/latest/article/highlights-watch-the-action-from-the-spanish-gp-as-piastri-wins-while.2pCGxOMtnuOECdUJSTvA5Y
1153,0,0,"Spanish Grand Prix, Barcelona",https://www.formula1.com/en/latest/article/highlights-watch-the-action-from-the-spanish-gp-as-piastri-wins-while.2pCGxOMtnuOECdUJSTvA5Y
1153,0,0,"Spanish Grand Prix, Barcelona",https://www.formula1.com/en/latest/article/highlights-watch-the-action-from-the-spanish-gp-as-piastri-wins-while.2pCGxOMtnuOECdUJSTvA5Y
1153,0,0,"Spanish Grand Prix, Barcelona",https://www.formula1.com/en/latest/article/highlights-watch-the-action-from-the-spanish-gp-as-piastri-wins-while.2pCGxOMtnuOECdUJSTvA5Y
1153,0,0,"Spanish Grand Prix, Barcelona",https://www.formula1.com/en/latest/article/highlights-watch-the-action-from-the-spanish-gp-as-piastri-wins-while.2pCGxOMtnuOECdUJSTvA5Y
1153,0,0,"Spanish Grand Prix, Barcelona",https://www.formula1.com/en/latest/article/highlights-watch-the-action-from-the-spanish-gp-as-piastri-wins-while.2pCGxOMtnuOECdUJSTvA5Y
1153,0,0,"Spanish Grand Prix, Barcelona",https://www.formula1.com/en/latest/article/highlights-watch-the-action-from-the-spanish-gp-as-piastri-wins-while.2pCGxOMtnuOECdUJSTvA5Y
1153,0,0,"Spanish Grand Prix, Barcelona",https://www.formula1.com/en/latest/article/highlights-watch-the-action-from-the-spanish-gp-as-piastri-wins-while.2pCGxOMtnuOECdUJSTvA5Y
1153,0,0,"Spanish Grand Prix, Barcelona",https://www.formula1.com/en/latest/article/highlights-watch-the-action-from-the-spanish-gp-as-piastri-wins-while.2pCGxOMtnuOECdUJSTvA5Y
1154,1,1,"Canadian Grand Prix, Montreal",https://www.formula1.com/en/latest/article/highlights-watch-the-action-from-the-canadian-gp-as-russell-clinches-victory.3BdUkgyyI8lBYs6lb9FUks
1154,1,1,"Canadian Grand Prix, Montreal",https://www.formula1.com/en/latest/article/highlights-watch-the-action-from-the-canadian-gp-as-russell-clinches-victory.3BdUkgyyI8lBYs6lb9FUks
1154,1,1,"Canadian Grand Prix, Montreal",https://www.formula1.com/en/latest/article/highlights-watch-the-action-from-the-canadian-gp-as-russell-clinches-victory.3BdUkgyyI8lBYs6lb9FUks
1154,1,1,"Canadian Grand Prix, Montreal",https://www.formula1.com/en/latest/article/highlights-watch-the-action-from-the-canadian-gp-as-russell-clinches-victory.3BdUkgyyI8lBYs6lb9FUks
1154,1,1,"Canadian Grand Prix, Montreal",https://www.formula1.com/en/latest/article/highlights-watch-the-action-from-the-canadian-gp-as-russell-clinches-victory.3BdUkgyyI8lBYs6lb9FUks
1154,1,1,"Canadian Grand Prix, Montreal",https://www.formula1.com/en/latest/article/highlights-watch-the-action-from-the-canadian-gp-as-russell-clinches-victory.3BdUkgyyI8lBYs6lb9FUks
1154,1,1,"Canadian Grand Prix, Montreal",https://www.formula1.com/en/latest/article/highlights-watch-the-action-from-the-canadian-gp-as-russell-clinches-victory.3BdUkgyyI8lBYs6lb9FUks
1154,1,1,"Canadian Grand Prix, Montreal",https://www.formula1.com/en/latest/article/highlights-watch-the-action-from-the-canadian-gp-as-russell-clinches-victory.3BdUkgyyI8lBYs6lb9FUks
1154,1,1,"Canadian Grand Prix, Montreal",https://www.formula1.com/en/latest/article/highlights-watch-the-action-from-the-canadian-gp-as-russell-clinches-victory.3BdUkgyyI8lBYs6lb9FUks
1154,1,1,"Canadian Grand Prix, Montreal",https://www.formula1.com/en/latest/article/highlights-watch-the-action-from-the-canadian-gp-as-russell-clinches-victory.3BdUkgyyI8lBYs6lb9FUks
1154,1,1,"Canadian Grand Prix, Montreal",https://www.formula1.com/en/latest/article/highlights-watch-the-action-from-the-canadian-gp-as-russell-clinches-victory.3BdUkgyyI8lBYs6lb9FUks
1154,1,1,"Canadian Grand Prix, Montreal",https://www.formula1.com/en/latest/article/highlights-watch-the-action-from-the-canadian-gp-as-russell-clinches-victory.3BdUkgyyI8lBYs6lb9FUks
1154,1,1,"Canadian Grand Prix, Montreal",https://www.formula1.com/en/latest/article/highlights-watch-the-action-from-the-canadian-gp-as-russell-clinches-victory.3BdUkgyyI8lBYs6lb9FUks
1154,1,1,"Canadian Grand Prix, Montreal",https://www.formula1.com/en/latest/article/highlights-watch-the-action-from-the-canadian-gp-as-russell-clinches-victory.3BdUkgyyI8lBYs6lb9FUks
1154,1,1,"Canadian Grand Prix, Montreal",https://www.formula1.com/en/latest/article/highlights-watch-the-action-from-the-canadian-gp-as-russell-clinches-victory.3BdUkgyyI8lBYs6lb9FUks
1154,1,1,"Canadian Grand Prix, Montreal",https://www.formula1.com/en/latest/article/highlights-watch-the-action-from-the-canadian-gp-as-russell-clinches-victory.3BdUkgyyI8lBYs6lb9FUks
1154,1,1,"Canadian Grand Prix, Montreal",https://www.formula1.com/en/latest/article/highlights-watch-the-action-from-the-canadian-gp-as-russell-clinches-victory.3BdUkgyyI8lBYs6lb9FUks
1154,1,1,"Canadian Grand Prix, Montreal",https://www.formula1.com/en/latest/article/highlights-watch-the-action-from-the-canadian-gp-as-russell-clinches-victory.3BdUkgyyI8lBYs6lb9FUks
1154,1,1,"Canadian Grand Prix, Montreal",https://www.formula1.com/en/latest/article/highlights-watch-the-action-from-the-canadian-gp-as-russell-clinches-victory.3BdUkgyyI8lBYs6lb9FUks
1154,1,1,"Canadian Grand Prix, Montreal",https://www.formula1.com/en/latest/article/highlights-watch-the-action-from-the-canadian-gp-as-russell-clinches-victory.3BdUkgyyI8lBYs6lb9FUks
1155,1,0,"Austrian Grand Prix, Speilberg",https://www.formula1.com/en/latest/article/highlights-watch-the-thrilling-action-from-the-austrian-gp-as-norris-beats.s0zIumvCoql36IIXllPhO
1155,1,0,"Austrian Grand Prix, Speilberg",https://www.formula1.com/en/latest/article/highlights-watch-the-thrilling-action-from-the-austrian-gp-as-norris-beats.s0zIumvCoql36IIXllPhO
1155,1,0,"Austrian Grand Prix, Speilberg",https://www.formula1.com/en/latest/article/highlights-watch-the-thrilling-action-from-the-austrian-gp-as-norris-beats.s0zIumvCoql36IIXllPhO
1155,1,0,"Austrian Grand Prix, Speilberg",https://www.formula1.com/en/latest/article/highlights-watch-the-thrilling-action-from-the-austrian-gp-as-norris-beats.s0zIumvCoql36IIXllPhO
1155,1,0,"Austrian Grand Prix, Speilberg",https://www.formula1.com/en/latest/article/highlights-watch-the-thrilling-action-from-the-austrian-gp-as-norris-beats.s0zIumvCoql36IIXllPhO
1155,1,0,"Austrian Grand Prix, Speilberg",https://www.formula1.com/en/latest/article/highlights-watch-the-thrilling-action-from-the-austrian-gp-as-norris-beats.s0zIumvCoql36IIXllPhO
1155,1,0,"Austrian Grand Prix, Speilberg",https://www.formula1.com/en/latest/article/highlights-watch-the-thrilling-action-from-the-austrian-gp-as-norris-beats.s0zIumvCoql36IIXllPhO
1155,1,0,"Austrian Grand Prix, Speilberg",https://www.formula1.com/en/latest/article/highlights-watch-the-thrilling-action-from-the-austrian-gp-as-norris-beats.s0zIumvCoql36IIXllPhO
1155,1,0,"Austrian Grand Prix, Speilberg",https://www.formula1.com/en/latest/article/highlights-watch-the-thrilling-action-from-the-austrian-gp-as-norris-beats.s0zIumvCoql36IIXllPhO
1155,1,0,"Austrian Grand Prix, Speilberg",https://www.formula1.com/en/latest/article/highlights-watch-the-thrilling-action-from-the-austrian-gp-as-norris-beats.s0zIumvCoql36IIXllPhO
1155,1,0,"Austrian Grand Prix, Speilberg",https://www.formula1.com/en/latest/article/highlights-watch-the-thrilling-action-from-the-austrian-gp-as-norris-beats.s0zIumvCoql36IIXllPhO
1155,1,0,"Austrian Grand Prix, Speilberg",https://www.formula1.com/en/latest/article/highlights-watch-the-thrilling-action-from-the-austrian-gp-as-norris-beats.s0zIumvCoql36IIXllPhO
1155,1,0,"Austrian Grand Prix, Speilberg",https://www.formula1.com/en/latest/article/highlights-watch-the-thrilling-action-from-the-austrian-gp-as-norris-beats.s0zIumvCoql36IIXllPhO
1155,1,0,"Austrian Grand Prix, Speilberg",https://www.formula1.com/en/latest/article/highlights-watch-the-thrilling-action-from-the-austrian-gp-as-norris-beats.s0zIumvCoql36IIXllPhO
1155,1,0,"Austrian Grand Prix, Speilberg",https://www.formula1.com/en/latest/article/highlights-watch-the-thrilling-action-from-the-austrian-gp-as-norris-beats.s0zIumvCoql36IIXllPhO
1155,1,0,"Austrian Grand Prix, Speilberg",https://www.formula1.com/en/latest/article/highlights-watch-the-thrilling-action-from-the-austrian-gp-as-norris-beats.s0zIumvCoql36IIXllPhO
1155,1,0,"Austrian Grand Prix, Speilberg",https://www.formula1.com/en/latest/article/highlights-watch-the-thrilling-action-from-the-austrian-gp-as-norris-beats.s0zIumvCoql36IIXllPhO
1155,1,0,"Austrian Grand Prix, Speilberg",https://www.formula1.com/en/latest/article/highlights-watch-the-thrilling-action-from-the-austrian-gp-as-norris-beats.s0zIumvCoql36IIXllPhO
1155,1,0,"Austrian Grand Prix, Speilberg",https://www.formula1.com/en/latest/article/highlights-watch-the-thrilling-action-from-the-austrian-gp-as-norris-beats.s0zIumvCoql36IIXllPhO
1155,1,0,"Austrian Grand Prix, Speilberg",https://www.formula1.com/en/latest/article/highlights-watch-the-thrilling-action-from-the-austrian-gp-as-norris-beats.s0zIumvCoql36IIXllPhO
1156,1,1,"British Grand Prix, Silverstone",https://www.formula1.com/en/latest/article/highlights-watch-the-action-from-an-eventful-british-gp-as-norris-triumphs.6uMTPCf696hVYuSZGL3S2s
1156,1,1,"British Grand Prix, Silverstone",https://www.formula1.com/en/latest/article/highlights-watch-the-action-from-an-eventful-british-gp-as-norris-triumphs.6uMTPCf696hVYuSZGL3S2s
1156,1,1,"British Grand Prix, Silverstone",https://www.formula1.com/en/latest/article/highlights-watch-the-action-from-an-eventful-british-gp-as-norris-triumphs.6uMTPCf696hVYuSZGL3S2s
1156,1,1,"British Grand Prix, Silverstone",https://www.formula1.com/en/latest/article/highlights-watch-the-action-from-an-eventful-british-gp-as-norris-triumphs.6uMTPCf696hVYuSZGL3S2s
1156,1,1,"British Grand Prix, Silverstone",https://www.formula1.com/en/latest/article/highlights-watch-the-action-from-an-eventful-british-gp-as-norris-triumphs.6uMTPCf696hVYuSZGL3S2s
1156,1,1,"British Grand Prix, Silverstone",https://www.formula1.com/en/latest/article/highlights-watch-the-action-from-an-eventful-british-gp-as-norris-triumphs.6uMTPCf696hVYuSZGL3S2s
1156,1,1,"British Grand Prix, Silverstone",https://www.formula1.com/en/latest/article/highlights-watch-the-action-from-an-eventful-british-gp-as-norris-triumphs.6uMTPCf696hVYuSZGL3S2s
1156,1,1,"British Grand Prix, Silverstone",https://www.formula1.com/en/latest/article/highlights-watch-the-action-from-an-eventful-british-gp-as-norris-triumphs.6uMTPCf696hVYuSZGL3S2s
1156,1,1,"British Grand Prix, Silverstone",https://www.formula1.com/en/latest/article/highlights-watch-the-action-from-an-eventful-british-gp-as-norris-triumphs.6uMTPCf696hVYuSZGL3S2s
1156,1,1,"British Grand Prix, Silverstone",https://www.formula1.com/en/latest/article/highlights-watch-the-action-from-an-eventful-british-gp-as-norris-triumphs.6uMTPCf696hVYuSZGL3S2s
1156,1,1,"British Grand Prix, Silverstone",https://www.formula1.com/en/latest/article/highlights-watch-the-action-from-an-eventful-british-gp-as-norris-triumphs.6uMTPCf696hVYuSZGL3S2s
1156,1,1,"British Grand Prix, Silverstone",https://www.formula1.com/en/latest/article/highlights-watch-the-action-from-an-eventful-british-gp-as-norris-triumphs.6uMTPCf696hVYuSZGL3S2s
1156,1,1,"British Grand Prix, Silverstone",https://www.formula1.com/en/latest/article/highlights-watch-the-action-from-an-eventful-british-gp-as-norris-triumphs.6uMTPCf696hVYuSZGL3S2s
1156,1,1,"British Grand Prix, Silverstone",https://www.formula1.com/en/latest/article/highlights-watch-the-action-from-an-eventful-british-gp-as-norris-triumphs.6uMTPCf696hVYuSZGL3S2s
1156,1,1,"British Grand Prix, Silverstone",https://www.formula1.com/en/latest/article/highlights-watch-the-action-from-an-eventful-british-gp-as-norris-triumphs.6uMTPCf696hVYuSZGL3S2s
1156,1,1,"British Grand Prix, Silverstone",https://www.formula1.com/en/latest/article/highlights-watch-the-action-from-an-eventful-british-gp-as-norris-triumphs.6uMTPCf696hVYuSZGL3S2s
1156,1,1,"British Grand Prix, Silverstone",https://www.formula1.com/en/latest/article/highlights-watch-the-action-from-an-eventful-british-gp-as-norris-triumphs.6uMTPCf696hVYuSZGL3S2s
1156,1,1,"British Grand Prix, Silverstone",https://www.formula1.com/en/latest/article/highlights-watch-the-action-from-an-eventful-british-gp-as-norris-triumphs.6uMTPCf696hVYuSZGL3S2s
1156,1,1,"British Grand Prix, Silverstone",https://www.formula1.com/en/latest/article/highlights-watch-the-action-from-an-eventful-british-gp-as-norris-triumphs.6uMTPCf696hVYuSZGL3S2s
1156,1,1,"British Grand Prix, Silverstone",https://www.formula1.com/en/latest/article/highlights-watch-the-action-from-an-eventful-british-gp-as-norris-triumphs.6uMTPCf696hVYuSZGL3S2s
1157,1,1,"Belgian Grand Prix, Spa",https://www.formula1.com/en/latest/article/highlights-watch-the-best-moments-as-piastri-wins-belgian-grand-prix.4GEHeewz4OLzq1wkT9S7Nz
1157,1,1,"Belgian Grand Prix, Spa",https://www.formula1.com/en/latest/article/highlights-watch-the-best-moments-as-piastri-wins-belgian-grand-prix.4GEHeewz4OLzq1wkT9S7Nz
1157,1,1,"Belgian Grand Prix, Spa",https://www.formula1.com/en/latest/article/highlights-watch-the-best-moments-as-piastri-wins-belgian-grand-prix.4GEHeewz4OLzq1wkT9S7Nz
1157,1,1,"Belgian Grand Prix, Spa",https://www.formula1.com/en/latest/article/highlights-watch-the-best-moments-as-piastri-wins-belgian-grand-prix.4GEHeewz4OLzq1wkT9S7Nz
1157,1,1,"Belgian Grand Prix, Spa",https://www.formula1.com/en/latest/article/highlights-watch-the-best-moments-as-piastri-wins-belgian-grand-prix.4GEHeewz4OLzq1wkT9S7Nz
1157,1,1,"Belgian Grand Prix, Spa",https://www.formula1.com/en/latest/article/highlights-watch-the-best-moments-as-piastri-wins-belgian-grand-prix.4GEHeewz4OLzq1wkT9S7Nz
1157,1,1,"Belgian Grand Prix, Spa",https://www.formula1.com/en/latest/article/highlights-watch-the-best-moments-as-piastri-wins-belgian-grand-prix.4GEHeewz4OLzq1wkT9S7Nz
1157,1,1,"Belgian Grand Prix, Spa",https://www.formula1.com/en/latest/article/highlights-watch-the-best-moments-as-piastri-wins-belgian-grand-prix.4GEHeewz4OLzq1wkT9S7Nz
1157,1,1,"Belgian Grand Prix, Spa",https://www.formula1.com/en/latest/article/highlights-watch-the-best-moments-as-piastri-wins-belgian-grand-prix.4GEHeewz4OLzq1wkT9S7Nz
1157,1,1,"Belgian Grand Prix, Spa",https://www.formula1.com/en/latest/article/highlights-watch-the-best-moments-as-piastri-wins-belgian-grand-prix.4GEHeewz4OLzq1wkT9S7Nz
1157,1,1,"Belgian Grand Prix, Spa",https://www.formula1.com/en/latest/article/highlights-watch-the-best-moments-as-piastri-wins-belgian-grand-prix.4GEHeewz4OLzq1wkT9S7Nz
1157,1,1,"Belgian Grand Prix, Spa",https://www.formula1.com/en/latest/article/highlights-watch-the-best-moments-as-piastri-wins-belgian-grand-prix.4GEHeewz4OLzq1wkT9S7Nz
1157,1,1,"Belgian Grand Prix, Spa",https://www.formula1.com/en/latest/article/highlights-watch-the-best-moments-as-piastri-wins-belgian-grand-prix.4GEHeewz4OLzq1wkT9S7Nz
1157,1,1,"Belgian Grand Prix, Spa",https://www.formula1.com/en/latest/article/highlights-watch-the-best-moments-as-piastri-wins-belgian-grand-prix.4GEHeewz4OLzq1wkT9S7Nz
1157,1,1,"Belgian Grand Prix, Spa",https://www.formula1.com/en/latest/article/highlights-watch-the-best-moments-as-piastri-wins-belgian-grand-prix.4GEHeewz4OLzq1wkT9S7Nz
1157,1,1,"Belgian Grand Prix, Spa",https://www.formula1.com/en/latest/article/highlights-watch-the-best-moments-as-piastri-wins-belgian-grand-prix.4GEHeewz4OLzq1wkT9S7Nz
1157,1,1,"Belgian Grand Prix, Spa",https://www.formula1.com/en/latest/article/highlights-watch-the-best-moments-as-piastri-wins-belgian-grand-prix.4GEHeewz4OLzq1wkT9S7Nz
1157,1,1,"Belgian Grand Prix, Spa",https://www.formula1.com/en/latest/article/highlights-watch-the-best-moments-as-piastri-wins-belgian-grand-prix.4GEHeewz4OLzq1wkT9S7Nz
1157,1,1,"Belgian Grand Prix, Spa",https://www.formula1.com/en/latest/article/highlights-watch-the-best-moments-as-piastri-wins-belgian-grand-prix.4GEHeewz4OLzq1wkT9S7Nz
1157,1,1,"Belgian Grand Prix, Spa",https://www.formula1.com/en/latest/article/highlights-watch-the-best-moments-as-piastri-wins-belgian-grand-prix.4GEHeewz4OLzq1wkT9S7Nz
1158,0,0,"Hungarian Grand Prix, Budapest",https://www.formula1.com/en/latest/article/highlights-norris-survives-huge-late-pressure-from-piastri-to-win-hungarian.2r5yJwdLzoMr34x89cPaBK
1158,0,0,"Hungarian Grand Prix, Budapest",https://www.formula1.com/en/latest/article/highlights-norris-survives-huge-late-pressure-from-piastri-to-win-hungarian.2r5yJwdLzoMr34x89cPaBK
1158,0,0,"Hungarian Grand Prix, Budapest",https://www.formula1.com/en/latest/article/highlights-norris-survives-huge-late-pressure-from-piastri-to-win-hungarian.2r5yJwdLzoMr34x89cPaBK
1158,0,0,"Hungarian Grand Prix, Budapest",https://www.formula1.com/en/latest/article/highlights-norris-survives-huge-late-pressure-from-piastri-to-win-hungarian.2r5yJwdLzoMr34x89cPaBK
1158,0,0,"Hungarian Grand Prix, Budapest",https://www.formula1.com/en/latest/article/highlights-norris-survives-huge-late-pressure-from-piastri-to-win-hungarian.2r5yJwdLzoMr34x89cPaBK
1158,0,0,"Hungarian Grand Prix, Budapest",https://www.formula1.com/en/latest/article/highlights-norris-survives-huge-late-pressure-from-piastri-to-win-hungarian.2r5yJwdLzoMr34x89cPaBK
1158,0,0,"Hungarian Grand Prix, Budapest",https://www.formula1.com/en/latest/article/highlights-norris-survives-huge-late-pressure-from-piastri-to-win-hungarian.2r5yJwdLzoMr34x89cPaBK
1158,0,0,"Hungarian Grand Prix, Budapest",https://www.formula1.com/en/latest/article/highlights-norris-survives-huge-late-pressure-from-piastri-to-win-hungarian.2r5yJwdLzoMr34x89cPaBK
1158,0,0,"Hungarian Grand Prix, Budapest",https://www.formula1.com/en/latest/article/highlights-norris-survives-huge-late-pressure-from-piastri-to-win-hungarian.2r5yJwdLzoMr34x89cPaBK
1158,0,0,"Hungarian Grand Prix, Budapest",https://www.formula1.com/en/latest/article/highlights-norris-survives-huge-late-pressure-from-piastri-to-win-hungarian.2r5yJwdLzoMr34x89cPaBK
1158,0,0,"Hungarian Grand Prix, Budapest",https://www.formula1.com/en/latest/article/highlights-norris-survives-huge-late-pressure-from-piastri-to-win-hungarian.2r5yJwdLzoMr34x89cPaBK
1158,0,0,"Hungarian Grand Prix, Budapest",https://www.formula1.com/en/latest/article/highlights-norris-survives-huge-late-pressure-from-piastri-to-win-hungarian.2r5yJwdLzoMr34x89cPaBK
1158,0,0,"Hungarian Grand Prix, Budapest",https://www.formula1.com/en/latest/article/highlights-norris-survives-huge-late-pressure-from-piastri-to-win-hungarian.2r5yJwdLzoMr34x89cPaBK
1158,0,0,"Hungarian Grand Prix, Budapest",https://www.formula1.com/en/latest/article/highlights-norris-survives-huge-late-pressure-from-piastri-to-win-hungarian.2r5yJwdLzoMr34x89cPaBK
1158,0,0,"Hungarian Grand Prix, Budapest",https://www.formula1.com/en/latest/article/highlights-norris-survives-huge-late-pressure-from-piastri-to-win-hungarian.2r5yJwdLzoMr34x89cPaBK
1158,0,0,"Hungarian Grand Prix, Budapest",https://www.formula1.com/en/latest/article/highlights-norris-survives-huge-late-pressure-from-piastri-to-win-hungarian.2r5yJwdLzoMr34x89cPaBK
1158,0,0,"Hungarian Grand Prix, Budapest",https://www.formula1.com/en/latest/article/highlights-norris-survives-huge-late-pressure-from-piastri-to-win-hungarian.2r5yJwdLzoMr34x89cPaBK
1158,0,0,"Hungarian Grand Prix, Budapest",https://www.formula1.com/en/latest/article/highlights-norris-survives-huge-late-pressure-from-piastri-to-win-hungarian.2r5yJwdLzoMr34x89cPaBK
1158,0,0,"Hungarian Grand Prix, Budapest",https://www.formula1.com/en/latest/article/highlights-norris-survives-huge-late-pressure-from-piastri-to-win-hungarian.2r5yJwdLzoMr34x89cPaBK
1158,0,0,"Hungarian Grand Prix, Budapest",https://www.formula1.com/en/latest/article/highlights-norris-survives-huge-late-pressure-from-piastri-to-win-hungarian.2r5yJwdLzoMr34x89cPaBK
1159,1,1,"Dutch Grand Prix, Zandvoort",https://www.formula1.com/en/latest/article/highlights-catch-up-as-piastri-wins-dramatic-dutch-grand-prix-and-norris.6BxxaqjIGc9OXJXa9Oie71
1159,1,1,"Dutch Grand Prix, Zandvoort",https://www.formula1.com/en/latest/article/highlights-catch-up-as-piastri-wins-dramatic-dutch-grand-prix-and-norris.6BxxaqjIGc9OXJXa9Oie71
1159,1,1,"Dutch Grand Prix, Zandvoort",https://www.formula1.com/en/latest/article/highlights-catch-up-as-piastri-wins-dramatic-dutch-grand-prix-and-norris.6BxxaqjIGc9OXJXa9Oie71
1159,1,1,"Dutch Grand Prix, Zandvoort",https://www.formula1.com/en/latest/article/highlights-catch-up-as-piastri-wins-dramatic-dutch-grand-prix-and-norris.6BxxaqjIGc9OXJXa9Oie71
1159,1,1,"Dutch Grand Prix, Zandvoort",https://www.formula1.com/en/latest/article/highlights-catch-up-as-piastri-wins-dramatic-dutch-grand-prix-and-norris.6BxxaqjIGc9OXJXa9Oie71
1159,1,1,"Dutch Grand Prix, Zandvoort",https://www.formula1.com/en/latest/article/highlights-catch-up-as-piastri-wins-dramatic-dutch-grand-prix-and-norris.6BxxaqjIGc9OXJXa9Oie71
1159,1,1,"Dutch Grand Prix, Zandvoort",https://www.formula1.com/en/latest/article/highlights-catch-up-as-piastri-wins-dramatic-dutch-grand-prix-and-norris.6BxxaqjIGc9OXJXa9Oie71
1159,1,1,"Dutch Grand Prix, Zandvoort",https://www.formula1.com/en/latest/article/highlights-catch-up-as-piastri-wins-dramatic-dutch-grand-prix-and-norris.6BxxaqjIGc9OXJXa9Oie71
1159,1,1,"Dutch Grand Prix, Zandvoort",https://www.formula1.com/en/latest/article/highlights-catch-up-as-piastri-wins-dramatic-dutch-grand-prix-and-norris.6BxxaqjIGc9OXJXa9Oie71
1159,1,1,"Dutch Grand Prix, Zandvoort",https://www.formula1.com/en/latest/article/highlights-catch-up-as-piastri-wins-dramatic-dutch-grand-prix-and-norris.6BxxaqjIGc9OXJXa9Oie71
1159,1,1,"Dutch Grand Prix, Zandvoort",https://www.formula1.com/en/latest/article/highlights-catch-up-as-piastri-wins-dramatic-dutch-grand-prix-and-norris.6BxxaqjIGc9OXJXa9Oie71
1159,1,1,"Dutch Grand Prix, Zandvoort",https://www.formula1.com/en/latest/article/highlights-catch-up-as-piastri-wins-dramatic-dutch-grand-prix-and-norris.6BxxaqjIGc9OXJXa9Oie71
1159,1,1,"Dutch Grand Prix, Zandvoort",https://www.formula1.com/en/latest/article/highlights-catch-up-as-piastri-wins-dramatic-dutch-grand-prix-and-norris.6BxxaqjIGc9OXJXa9Oie71
1159,1,1,"Dutch Grand Prix, Zandvoort",https://www.formula1.com/en/latest/article/highlights-catch-up-as-piastri-wins-dramatic-dutch-grand-prix-and-norris.6BxxaqjIGc9OXJXa9Oie71
1159,1,1,"Dutch Grand Prix, Zandvoort",https://www.formula1.com/en/latest/article/highlights-catch-up-as-piastri-wins-dramatic-dutch-grand-prix-and-norris.6BxxaqjIGc9OXJXa9Oie71
1159,1,1,"Dutch Grand Prix, Zandvoort",https://www.formula1.com/en/latest/article/highlights-catch-up-as-piastri-wins-dramatic-dutch-grand-prix-and-norris.6BxxaqjIGc9OXJXa9Oie71
1159,1,1,"Dutch Grand Prix, Zandvoort",https://www.formula1.com/en/latest/article/highlights-catch-up-as-piastri-wins-dramatic-dutch-grand-prix-and-norris.6BxxaqjIGc9OXJXa9Oie71
1159,1,1,"Dutch Grand Prix, Zandvoort",https://www.formula1.com/en/latest/article/highlights-catch-up-as-piastri-wins-dramatic-dutch-grand-prix-and-norris.6BxxaqjIGc9OXJXa9Oie71
1159,1,1,"Dutch Grand Prix, Zandvoort",https://www.formula1.com/en/latest/article/highlights-catch-up-as-piastri-wins-dramatic-dutch-grand-prix-and-norris.6BxxaqjIGc9OXJXa9Oie71
1159,1,1,"Dutch Grand Prix, Zandvoort",https://www.formula1.com/en/latest/article/highlights-catch-up-as-piastri-wins-dramatic-dutch-grand-prix-and-norris.6BxxaqjIGc9OXJXa9Oie71
1160,0,1,"Italian Grand Prix, Monza",https://www.formula1.com/en/latest/article/highlights-verstappen-rises-above-early-pressure-to-beat-norris-to-victory.6ApND0KQNj9In08sXSM1Y2
1160,0,1,"Italian Grand Prix, Monza",https://www.formula1.com/en/latest/article/highlights-verstappen-rises-above-early-pressure-to-beat-norris-to-victory.6ApND0KQNj9In08sXSM1Y2
1160,0,1,"Italian Grand Prix, Monza",https://www.formula1.com/en/latest/article/highlights-verstappen-rises-above-early-pressure-to-beat-norris-to-victory.6ApND0KQNj9In08sXSM1Y2
1160,0,1,"Italian Grand Prix, Monza",https://www.formula1.com/en/latest/article/highlights-verstappen-rises-above-early-pressure-to-beat-norris-to-victory.6ApND0KQNj9In08sXSM1Y2
1160,0,1,"Italian Grand Prix, Monza",https://www.formula1.com/en/latest/article/highlights-verstappen-rises-above-early-pressure-to-beat-norris-to-victory.6ApND0KQNj9In08sXSM1Y2
1160,0,1,"Italian Grand Prix, Monza",https://www.formula1.com/en/latest/article/highlights-verstappen-rises-above-early-pressure-to-beat-norris-to-victory.6ApND0KQNj9In08sXSM1Y2
1160,0,1,"Italian Grand Prix, Monza",https://www.formula1.com/en/latest/article/highlights-verstappen-rises-above-early-pressure-to-beat-norris-to-victory.6ApND0KQNj9In08sXSM1Y2
1160,0,1,"Italian Grand Prix, Monza",https://www.formula1.com/en/latest/article/highlights-verstappen-rises-above-early-pressure-to-beat-norris-to-victory.6ApND0KQNj9In08sXSM1Y2
1160,0,1,"Italian Grand Prix, Monza",https://www.formula1.com/en/latest/article/highlights-verstappen-rises-above-early-pressure-to-beat-norris-to-victory.6ApND0KQNj9In08sXSM1Y2
1160,0,1,"Italian Grand Prix, Monza",https://www.formula1.com/en/latest/article/highlights-verstappen-rises-above-early-pressure-to-beat-norris-to-victory.6ApND0KQNj9In08sXSM1Y2
1160,0,1,"Italian Grand Prix, Monza",https://www.formula1.com/en/latest/article/highlights-verstappen-rises-above-early-pressure-to-beat-norris-to-victory.6ApND0KQNj9In08sXSM1Y2
1160,0,1,"Italian Grand Prix, Monza",https://www.formula1.com/en/latest/article/highlights-verstappen-rises-above-early-pressure-to-beat-norris-to-victory.6ApND0KQNj9In08sXSM1Y2
1160,0,1,"Italian Grand Prix, Monza",https://www.formula1.com/en/latest/article/highlights-verstappen-rises-above-early-pressure-to-beat-norris-to-victory.6ApND0KQNj9In08sXSM1Y2
1160,0,1,"Italian Grand Prix, Monza",https://www.formula1.com/en/latest/article/highlights-verstappen-rises-above-early-pressure-to-beat-norris-to-victory.6ApND0KQNj9In08sXSM1Y2
1160,0,1,"Italian Grand Prix, Monza",https://www.formula1.com/en/latest/article/highlights-verstappen-rises-above-early-pressure-to-beat-norris-to-victory.6ApND0KQNj9In08sXSM1Y2
1160,0,1,"Italian Grand Prix, Monza",https://www.formula1.com/en/latest/article/highlights-verstappen-rises-above-early-pressure-to-beat-norris-to-victory.6ApND0KQNj9In08sXSM1Y2
1160,0,1,"Italian Grand Prix, Monza",https://www.formula1.com/en/latest/article/highlights-verstappen-rises-above-early-pressure-to-beat-norris-to-victory.6ApND0KQNj9In08sXSM1Y2
1160,0,1,"Italian Grand Prix, Monza",https://www.formula1.com/en/latest/article/highlights-verstappen-rises-above-early-pressure-to-beat-norris-to-victory.6ApND0KQNj9In08sXSM1Y2
1160,0,1,"Italian Grand Prix, Monza",https://www.formula1.com/en/latest/article/highlights-verstappen-rises-above-early-pressure-to-beat-norris-to-victory.6ApND0KQNj9In08sXSM1Y2
1160,0,1,"Italian Grand Prix, Monza",https://www.formula1.com/en/latest/article/highlights-verstappen-rises-above-early-pressure-to-beat-norris-to-victory.6ApND0KQNj9In08sXSM1Y2
1161,0,1,"Azerbaijan Grand Prix, Baku",https://www.formula1.com/en/latest/article/highlights-relive-the-azerbaijan-gp-as-verstappen-dominates-sainz-seals-a.5S5NMl8w6aStIbWngXEpBH
1161,0,1,"Azerbaijan Grand Prix, Baku",https://www.formula1.com/en/latest/article/highlights-relive-the-azerbaijan-gp-as-verstappen-dominates-sainz-seals-a.5S5NMl8w6aStIbWngXEpBH
1161,0,1,"Azerbaijan Grand Prix, Baku",https://www.formula1.com/en/latest/article/highlights-relive-the-azerbaijan-gp-as-verstappen-dominates-sainz-seals-a.5S5NMl8w6aStIbWngXEpBH
1161,0,1,"Azerbaijan Grand Prix, Baku",https://www.formula1.com/en/latest/article/highlights-relive-the-azerbaijan-gp-as-verstappen-dominates-sainz-seals-a.5S5NMl8w6aStIbWngXEpBH
1161,0,1,"Azerbaijan Grand Prix, Baku",https://www.formula1.com/en/latest/article/highlights-relive-the-azerbaijan-gp-as-verstappen-dominates-sainz-seals-a.5S5NMl8w6aStIbWngXEpBH
1161,0,1,"Azerbaijan Grand Prix, Baku",https://www.formula1.com/en/latest/article/highlights-relive-the-azerbaijan-gp-as-verstappen-dominates-sainz-seals-a.5S5NMl8w6aStIbWngXEpBH
1161,0,1,"Azerbaijan Grand Prix, Baku",https://www.formula1.com/en/latest/article/highlights-relive-the-azerbaijan-gp-as-verstappen-dominates-sainz-seals-a.5S5NMl8w6aStIbWngXEpBH
1161,0,1,"Azerbaijan Grand Prix, Baku",https://www.formula1.com/en/latest/article/highlights-relive-the-azerbaijan-gp-as-verstappen-dominates-sainz-seals-a.5S5NMl8w6aStIbWngXEpBH
1161,0,1,"Azerbaijan Grand Prix, Baku",https://www.formula1.com/en/latest/article/highlights-relive-the-azerbaijan-gp-as-verstappen-dominates-sainz-seals-a.5S5NMl8w6aStIbWngXEpBH
1161,0,1,"Azerbaijan Grand Prix, Baku",https://www.formula1.com/en/latest/article/highlights-relive-the-azerbaijan-gp-as-verstappen-dominates-sainz-seals-a.5S5NMl8w6aStIbWngXEpBH
1161,0,1,"Azerbaijan Grand Prix, Baku",https://www.formula1.com/en/latest/article/highlights-relive-the-azerbaijan-gp-as-verstappen-dominates-sainz-seals-a.5S5NMl8w6aStIbWngXEpBH
1161,0,1,"Azerbaijan Grand Prix, Baku",https://www.formula1.com/en/latest/article/highlights-relive-the-azerbaijan-gp-as-verstappen-dominates-sainz-seals-a.5S5NMl8w6aStIbWngXEpBH
1161,0,1,"Azerbaijan Grand Prix, Baku",https://www.formula1.com/en/latest/article/highlights-relive-the-azerbaijan-gp-as-verstappen-dominates-sainz-seals-a.5S5NMl8w6aStIbWngXEpBH
1161,0,1,"Azerbaijan Grand Prix, Baku",https://www.formula1.com/en/latest/article/highlights-relive-the-azerbaijan-gp-as-verstappen-dominates-sainz-seals-a.5S5NMl8w6aStIbWngXEpBH
1161,0,1,"Azerbaijan Grand Prix, Baku",https://www.formula1.com/en/latest/article/highlights-relive-the-azerbaijan-gp-as-verstappen-dominates-sainz-seals-a.5S5NMl8w6aStIbWngXEpBH
1161,0,1,"Azerbaijan Grand Prix, Baku",https://www.formula1.com/en/latest/article/highlights-relive-the-azerbaijan-gp-as-verstappen-dominates-sainz-seals-a.5S5NMl8w6aStIbWngXEpBH
1161,0,1,"Azerbaijan Grand Prix, Baku",https://www.formula1.com/en/latest/article/highlights-relive-the-azerbaijan-gp-as-verstappen-dominates-sainz-seals-a.5S5NMl8w6aStIbWngXEpBH
1161,0,1,"Azerbaijan Grand Prix, Baku",https://www.formula1.com/en/latest/article/highlights-relive-the-azerbaijan-gp-as-verstappen-dominates-sainz-seals-a.5S5NMl8w6aStIbWngXEpBH
1161,0,1,"Azerbaijan Grand Prix, Baku",https://www.formula1.com/en/latest/article/highlights-relive-the-azerbaijan-gp-as-verstappen-dominates-sainz-seals-a.5S5NMl8w6aStIbWngXEpBH
1161,0,1,"Azerbaijan Grand Prix, Baku",https://www.formula1.com/en/latest/article/highlights-relive-the-azerbaijan-gp-as-verstappen-dominates-sainz-seals-a.5S5NMl8w6aStIbWngXEpBH
1162,0,0,"Singapore Grand Prix, Singapore",https://www.formula1.com/en/latest/article/highlights-relive-russells-singapore-gp-victory-as-mclaren-clinch-teams.14hQGs9PmCdD9KtYARgyy2
1162,0,0,"Singapore Grand Prix, Singapore",https://www.formula1.com/en/latest/article/highlights-relive-russells-singapore-gp-victory-as-mclaren-clinch-teams.14hQGs9PmCdD9KtYARgyy2
1162,0,0,"Singapore Grand Prix, Singapore",https://www.formula1.com/en/latest/article/highlights-relive-russells-singapore-gp-victory-as-mclaren-clinch-teams.14hQGs9PmCdD9KtYARgyy2
1162,0,0,"Singapore Grand Prix, Singapore",https://www.formula1.com/en/latest/article/highlights-relive-russells-singapore-gp-victory-as-mclaren-clinch-teams.14hQGs9PmCdD9KtYARgyy2
1162,0,0,"Singapore Grand Prix, Singapore",https://www.formula1.com/en/latest/article/highlights-relive-russells-singapore-gp-victory-as-mclaren-clinch-teams.14hQGs9PmCdD9KtYARgyy2
1162,0,0,"Singapore Grand Prix, Singapore",https://www.formula1.com/en/latest/article/highlights-relive-russells-singapore-gp-victory-as-mclaren-clinch-teams.14hQGs9PmCdD9KtYARgyy2
1162,0,0,"Singapore Grand Prix, Singapore",https://www.formula1.com/en/latest/article/highlights-relive-russells-singapore-gp-victory-as-mclaren-clinch-teams.14hQGs9PmCdD9KtYARgyy2
1162,0,0,"Singapore Grand Prix, Singapore",https://www.formula1.com/en/latest/article/highlights-relive-russells-singapore-gp-victory-as-mclaren-clinch-teams.14hQGs9PmCdD9KtYARgyy2
1162,0,0,"Singapore Grand Prix, Singapore",https://www.formula1.com/en/latest/article/highlights-relive-russells-singapore-gp-victory-as-mclaren-clinch-teams.14hQGs9PmCdD9KtYARgyy2
1162,0,0,"Singapore Grand Prix, Singapore",https://www.formula1.com/en/latest/article/highlights-relive-russells-singapore-gp-victory-as-mclaren-clinch-teams.14hQGs9PmCdD9KtYARgyy2
1162,0,0,"Singapore Grand Prix, Singapore",https://www.formula1.com/en/latest/article/highlights-relive-russells-singapore-gp-victory-as-mclaren-clinch-teams.14hQGs9PmCdD9KtYARgyy2
1162,0,0,"Singapore Grand Prix, Singapore",https://www.formula1.com/en/latest/article/highlights-relive-russells-singapore-gp-victory-as-mclaren-clinch-teams.14hQGs9PmCdD9KtYARgyy2
1162,0,0,"Singapore Grand Prix, Singapore",https://www.formula1.com/en/latest/article/highlights-relive-russells-singapore-gp-victory-as-mclaren-clinch-teams.14hQGs9PmCdD9KtYARgyy2
1162,0,0,"Singapore Grand Prix, Singapore",https://www.formula1.com/en/latest/article/highlights-relive-russells-singapore-gp-victory-as-mclaren-clinch-teams.14hQGs9PmCdD9KtYARgyy2
1162,0,0,"Singapore Grand Prix, Singapore",https://www.formula1.com/en/latest/article/highlights-relive-russells-singapore-gp-victory-as-mclaren-clinch-teams.14hQGs9PmCdD9KtYARgyy2
1162,0,0,"Singapore Grand Prix, Singapore",https://www.formula1.com/en/latest/article/highlights-relive-russells-singapore-gp-victory-as-mclaren-clinch-teams.14hQGs9PmCdD9KtYARgyy2
1162,0,0,"Singapore Grand Prix, Singapore",https://www.formula1.com/en/latest/article/highlights-relive-russells-singapore-gp-victory-as-mclaren-clinch-teams.14hQGs9PmCdD9KtYARgyy2
1162,0,0,"Singapore Grand Prix, Singapore",https://www.formula1.com/en/latest/article/highlights-relive-russells-singapore-gp-victory-as-mclaren-clinch-teams.14hQGs9PmCdD9KtYARgyy2
1162,0,0,"Singapore Grand Prix, Singapore",https://www.formula1.com/en/latest/article/highlights-relive-russells-singapore-gp-victory-as-mclaren-clinch-teams.14hQGs9PmCdD9KtYARgyy2
1162,0,0,"Singapore Grand Prix, Singapore",https://www.formula1.com/en/latest/article/highlights-relive-russells-singapore-gp-victory-as-mclaren-clinch-teams.14hQGs9PmCdD9KtYARgyy2
1163,0,0,"United States Grand Prix, Austin",https://www.formula1.com/en/latest/article/highlights-catch-up-as-verstappen-dominates-the-united-states-gp-to-close.75HUew0cbD6WbmqMAz38aY
1163,0,0,"United States Grand Prix, Austin",https://www.formula1.com/en/latest/article/highlights-catch-up-as-verstappen-dominates-the-united-states-gp-to-close.75HUew0cbD6WbmqMAz38aY
1163,0,0,"United States Grand Prix, Austin",https://www.formula1.com/en/latest/article/highlights-catch-up-as-verstappen-dominates-the-united-states-gp-to-close.75HUew0cbD6WbmqMAz38aY
1163,0,0,"United States Grand Prix, Austin",https://www.formula1.com/en/latest/article/highlights-catch-up-as-verstappen-dominates-the-united-states-gp-to-close.75HUew0cbD6WbmqMAz38aY
1163,0,0,"United States Grand Prix, Austin",https://www.formula1.com/en/latest/article/highlights-catch-up-as-verstappen-dominates-the-united-states-gp-to-close.75HUew0cbD6WbmqMAz38aY
1163,0,0,"United States Grand Prix, Austin",https://www.formula1.com/en/latest/article/highlights-catch-up-as-verstappen-dominates-the-united-states-gp-to-close.75HUew0cbD6WbmqMAz38aY
1163,0,0,"United States Grand Prix, Austin",https://www.formula1.com/en/latest/article/highlights-catch-up-as-verstappen-dominates-the-united-states-gp-to-close.75HUew0cbD6WbmqMAz38aY
1163,0,0,"United States Grand Prix, Austin",https://www.formula1.com/en/latest/article/highlights-catch-up-as-verstappen-dominates-the-united-states-gp-to-close.75HUew0cbD6WbmqMAz38aY
1163,0,0,"United States Grand Prix, Austin",https://www.formula1.com/en/latest/article/highlights-catch-up-as-verstappen-dominates-the-united-states-gp-to-close.75HUew0cbD6WbmqMAz38aY
1163,0,0,"United States Grand Prix, Austin",https://www.formula1.com/en/latest/article/highlights-catch-up-as-verstappen-dominates-the-united-states-gp-to-close.75HUew0cbD6WbmqMAz38aY
1163,0,0,"United States Grand Prix, Austin",https://www.formula1.com/en/latest/article/highlights-catch-up-as-verstappen-dominates-the-united-states-gp-to-close.75HUew0cbD6WbmqMAz38aY
1163,0,0,"United States Grand Prix, Austin",https://www.formula1.com/en/latest/article/highlights-catch-up-as-verstappen-dominates-the-united-states-gp-to-close.75HUew0cbD6WbmqMAz38aY
1163,0,0,"United States Grand Prix, Austin",https://www.formula1.com/en/latest/article/highlights-catch-up-as-verstappen-dominates-the-united-states-gp-to-close.75HUew0cbD6WbmqMAz38aY
1163,0,0,"United States Grand Prix, Austin",https://www.formula1.com/en/latest/article/highlights-catch-up-as-verstappen-dominates-the-united-states-gp-to-close.75HUew0cbD6WbmqMAz38aY
1163,0,0,"United States Grand Prix, Austin",https://www.formula1.com/en/latest/article/highlights-catch-up-as-verstappen-dominates-the-united-states-gp-to-close.75HUew0cbD6WbmqMAz38aY
1163,0,0,"United States Grand Prix, Austin",https://www.formula1.com/en/latest/article/highlights-catch-up-as-verstappen-dominates-the-united-states-gp-to-close.75HUew0cbD6WbmqMAz38aY
1163,0,0,"United States Grand Prix, Austin",https://www.formula1.com/en/latest/article/highlights-catch-up-as-verstappen-dominates-the-united-states-gp-to-close.75HUew0cbD6WbmqMAz38aY
1163,0,0,"United States Grand Prix, Austin",https://www.formula1.com/en/latest/article/highlights-catch-up-as-verstappen-dominates-the-united-states-gp-to-close.75HUew0cbD6WbmqMAz38aY
1163,0,0,"United States Grand Prix, Austin",https://www.formula1.com/en/latest/article/highlights-catch-up-as-verstappen-dominates-the-united-states-gp-to-close.75HUew0cbD6WbmqMAz38aY
1163,0,0,"United States Grand Prix, Austin",https://www.formula1.com/en/latest/article/highlights-catch-up-as-verstappen-dominates-the-united-states-gp-to-close.75HUew0cbD6WbmqMAz38aY
1164,1,1,"Mexico City Grand Prix, Mexico City",https://www.formula1.com/en/latest/article/highlights-catch-up-on-the-action-as-norris-dominates-in-mexico-to-take.yIFBzYr7ikrmyoU98cBl8
1164,1,1,"Mexico City Grand Prix, Mexico City",https://www.formula1.com/en/latest/article/highlights-catch-up-on-the-action-as-norris-dominates-in-mexico-to-take.yIFBzYr7ikrmyoU98cBl8
1164,1,1,"Mexico City Grand Prix, Mexico City",https://www.formula1.com/en/latest/article/highlights-catch-up-on-the-action-as-norris-dominates-in-mexico-to-take.yIFBzYr7ikrmyoU98cBl8
1164,1,1,"Mexico City Grand Prix, Mexico City",https://www.formula1.com/en/latest/article/highlights-catch-up-on-the-action-as-norris-dominates-in-mexico-to-take.yIFBzYr7ikrmyoU98cBl8
1164,1,1,"Mexico City Grand Prix, Mexico City",https://www.formula1.com/en/latest/article/highlights-catch-up-on-the-action-as-norris-dominates-in-mexico-to-take.yIFBzYr7ikrmyoU98cBl8
1164,1,1,"Mexico City Grand Prix, Mexico City",https://www.formula1.com/en/latest/article/highlights-catch-up-on-the-action-as-norris-dominates-in-mexico-to-take.yIFBzYr7ikrmyoU98cBl8
1164,1,1,"Mexico City Grand Prix, Mexico City",https://www.formula1.com/en/latest/article/highlights-catch-up-on-the-action-as-norris-dominates-in-mexico-to-take.yIFBzYr7ikrmyoU98cBl8
1164,1,0,"Mexico City Grand Prix, Mexico City",https://www.formula1.com/en/latest/article/highlights-catch-up-on-the-action-as-norris-dominates-in-mexico-to-take.yIFBzYr7ikrmyoU98cBl8
1164,1,0,"Mexico City Grand Prix, Mexico City",https://www.formula1.com/en/latest/article/highlights-catch-up-on-the-action-as-norris-dominates-in-mexico-to-take.yIFBzYr7ikrmyoU98cBl8
1164,1,1,"Mexico City Grand Prix, Mexico City",https://www.formula1.com/en/latest/article/highlights-catch-up-on-the-action-as-norris-dominates-in-mexico-to-take.yIFBzYr7ikrmyoU98cBl8
1164,1,1,"Mexico City Grand Prix, Mexico City",https://www.formula1.com/en/latest/article/highlights-catch-up-on-the-action-as-norris-dominates-in-mexico-to-take.yIFBzYr7ikrmyoU98cBl8
1164,1,1,"Mexico City Grand Prix, Mexico City",https://www.formula1.com/en/latest/article/highlights-catch-up-on-the-action-as-norris-dominates-in-mexico-to-take.yIFBzYr7ikrmyoU98cBl8
1164,1,1,"Mexico City Grand Prix, Mexico City",https://www.formula1.com/en/latest/article/highlights-catch-up-on-the-action-as-norris-dominates-in-mexico-to-take.yIFBzYr7ikrmyoU98cBl8
1164,1,1,"Mexico City Grand Prix, Mexico City",https://www.formula1.com/en/latest/article/highlights-catch-up-on-the-action-as-norris-dominates-in-mexico-to-take.yIFBzYr7ikrmyoU98cBl8
1164,1,1,"Mexico City Grand Prix, Mexico City",https://www.formula1.com/en/latest/article/highlights-catch-up-on-the-action-as-norris-dominates-in-mexico-to-take.yIFBzYr7ikrmyoU98cBl8
1164,1,1,"Mexico City Grand Prix, Mexico City",https://www.formula1.com/en/latest/article/highlights-catch-up-on-the-action-as-norris-dominates-in-mexico-to-take.yIFBzYr7ikrmyoU98cBl8
1164,1,1,"Mexico City Grand Prix, Mexico City",https://www.formula1.com/en/latest/article/highlights-catch-up-on-the-action-as-norris-dominates-in-mexico-to-take.yIFBzYr7ikrmyoU98cBl8
1164,1,0,"Mexico City Grand Prix, Mexico City",https://www.formula1.com/en/latest/article/highlights-catch-up-on-the-action-as-norris-dominates-in-mexico-to-take.yIFBzYr7ikrmyoU98cBl8
1164,1,1,"Mexico City Grand Prix, Mexico City",https://www.formula1.com/en/latest/article/highlights-catch-up-on-the-action-as-norris-dominates-in-mexico-to-take.yIFBzYr7ikrmyoU98cBl8
1164,1,1,"Mexico City Grand Prix, Mexico City",https://www.formula1.com/en/latest/article/highlights-catch-up-on-the-action-as-norris-dominates-in-mexico-to-take.yIFBzYr7ikrmyoU98cBl8
1165,0,1,"Sao Paulo Grand Prix, Sao Paulo",https://www.formula1.com/en/latest/article/highlights-relive-the-drama-filled-sao-paulo-gp-as-norris-takes-victory-over.1aW5gIMwvy8237368PzT3u
1165,0,1,"Sao Paulo Grand Prix, Sao Paulo",https://www.formula1.com/en/latest/article/highlights-relive-the-drama-filled-sao-paulo-gp-as-norris-takes-victory-over.1aW5gIMwvy8237368PzT3u
1165,0,1,"Sao Paulo Grand Prix, Sao Paulo",https://www.formula1.com/en/latest/article/highlights-relive-the-drama-filled-sao-paulo-gp-as-norris-takes-victory-over.1aW5gIMwvy8237368PzT3u
1165,0,1,"Sao Paulo Grand Prix, Sao Paulo",https://www.formula1.com/en/latest/article/highlights-relive-the-drama-filled-sao-paulo-gp-as-norris-takes-victory-over.1aW5gIMwvy8237368PzT3u
1165,0,1,"Sao Paulo Grand Prix, Sao Paulo",https://www.formula1.com/en/latest/article/highlights-relive-the-drama-filled-sao-paulo-gp-as-norris-takes-victory-over.1aW5gIMwvy8237368PzT3u
1165,0,1,"Sao Paulo Grand Prix, Sao Paulo",https://www.formula1.com/en/latest/article/highlights-relive-the-drama-filled-sao-paulo-gp-as-norris-takes-victory-over.1aW5gIMwvy8237368PzT3u
1165,0,1,"Sao Paulo Grand Prix, Sao Paulo",https://www.formula1.com/en/latest/article/highlights-relive-the-drama-filled-sao-paulo-gp-as-norris-takes-victory-over.1aW5gIMwvy8237368PzT3u
1165,0,1,"Sao Paulo Grand Prix, Sao Paulo",https://www.formula1.com/en/latest/article/highlights-relive-the-drama-filled-sao-paulo-gp-as-norris-takes-victory-over.1aW5gIMwvy8237368PzT3u
1165,0,1,"Sao Paulo Grand Prix, Sao Paulo",https://www.formula1.com/en/latest/article/highlights-relive-the-drama-filled-sao-paulo-gp-as-norris-takes-victory-over.1aW5gIMwvy8237368PzT3u
1165,0,1,"Sao Paulo Grand Prix, Sao Paulo",https://www.formula1.com/en/latest/article/highlights-relive-the-drama-filled-sao-paulo-gp-as-norris-takes-victory-over.1aW5gIMwvy8237368PzT3u
1165,0,1,"Sao Paulo Grand Prix, Sao Paulo",https://www.formula1.com/en/latest/article/highlights-relive-the-drama-filled-sao-paulo-gp-as-norris-takes-victory-over.1aW5gIMwvy8237368PzT3u
1165,0,1,"Sao Paulo Grand Prix, Sao Paulo",https://www.formula1.com/en/latest/article/highlights-relive-the-drama-filled-sao-paulo-gp-as-norris-takes-victory-over.1aW5gIMwvy8237368PzT3u
1165,0,1,"Sao Paulo Grand Prix, Sao Paulo",https://www.formula1.com/en/latest/article/highlights-relive-the-drama-filled-sao-paulo-gp-as-norris-takes-victory-over.1aW5gIMwvy8237368PzT3u
1165,0,1,"Sao Paulo Grand Prix, Sao Paulo",https://www.formula1.com/en/latest/article/highlights-relive-the-drama-filled-sao-paulo-gp-as-norris-takes-victory-over.1aW5gIMwvy8237368PzT3u
1165,0,1,"Sao Paulo Grand Prix, Sao Paulo",https://www.formula1.com/en/latest/article/highlights-relive-the-drama-filled-sao-paulo-gp-as-norris-takes-victory-over.1aW5gIMwvy8237368PzT3u
1165,0,1,"Sao Paulo Grand Prix, Sao Paulo",https://www.formula1.com/en/latest/article/highlights-relive-the-drama-filled-sao-paulo-gp-as-norris-takes-victory-over.1aW5gIMwvy8237368PzT3u
1165,0,1,"Sao Paulo Grand Prix, Sao Paulo",https://www.formula1.com/en/latest/article/highlights-relive-the-drama-filled-sao-paulo-gp-as-norris-takes-victory-over.1aW5gIMwvy8237368PzT3u
1165,0,1,"Sao Paulo Grand Prix, Sao Paulo",https://www.formula1.com/en/latest/article/highlights-relive-the-drama-filled-sao-paulo-gp-as-norris-takes-victory-over.1aW5gIMwvy8237368PzT3u
1165,0,1,"Sao Paulo Grand Prix, Sao Paulo",https://www.formula1.com/en/latest/article/highlights-relive-the-drama-filled-sao-paulo-gp-as-norris-takes-victory-over.1aW5gIMwvy8237368PzT3u
1165,0,1,"Sao Paulo Grand Prix, Sao Paulo",https://www.formula1.com/en/latest/article/highlights-relive-the-drama-filled-sao-paulo-gp-as-norris-takes-victory-over.1aW5gIMwvy8237368PzT3u
1166,0,1,"Las Vegas Grand Prix, Las Vegas",https://www.formula1.com/en/latest/article/highlights-relive-the-best-bits-from-verstappens-victory-in-las-vegas.78v84eVvyJxIvOUvlof4Zm
1166,0,1,"Las Vegas Grand Prix, Las Vegas",https://www.formula1.com/en/latest/article/highlights-relive-the-best-bits-from-verstappens-victory-in-las-vegas.78v84eVvyJxIvOUvlof4Zm
1166,0,1,"Las Vegas Grand Prix, Las Vegas",https://www.formula1.com/en/latest/article/highlights-relive-the-best-bits-from-verstappens-victory-in-las-vegas.78v84eVvyJxIvOUvlof4Zm
1166,0,1,"Las Vegas Grand Prix, Las Vegas",https://www.formula1.com/en/latest/article/highlights-relive-the-best-bits-from-verstappens-victory-in-las-vegas.78v84eVvyJxIvOUvlof4Zm
1166,0,1,"Las Vegas Grand Prix, Las Vegas",https://www.formula1.com/en/latest/article/highlights-relive-the-best-bits-from-verstappens-victory-in-las-vegas.78v84eVvyJxIvOUvlof4Zm
1166,0,1,"Las Vegas Grand Prix, Las Vegas",https://www.formula1.com/en/latest/article/highlights-relive-the-best-bits-from-verstappens-victory-in-las-vegas.78v84eVvyJxIvOUvlof4Zm
1166,0,1,"Las Vegas Grand Prix, Las Vegas",https://www.formula1.com/en/latest/article/highlights-relive-the-best-bits-from-verstappens-victory-in-las-vegas.78v84eVvyJxIvOUvlof4Zm
1166,0,1,"Las Vegas Grand Prix, Las Vegas",https://www.formula1.com/en/latest/article/highlights-relive-the-best-bits-from-verstappens-victory-in-las-vegas.78v84eVvyJxIvOUvlof4Zm
1166,0,1,"Las Vegas Grand Prix, Las Vegas",https://www.formula1.com/en/latest/article/highlights-relive-the-best-bits-from-verstappens-victory-in-las-vegas.78v84eVvyJxIvOUvlof4Zm
1166,0,1,"Las Vegas Grand Prix, Las Vegas",https://www.formula1.com/en/latest/article/highlights-relive-the-best-bits-from-verstappens-victory-in-las-vegas.78v84eVvyJxIvOUvlof4Zm
1166,0,1,"Las Vegas Grand Prix, Las Vegas",https://www.formula1.com/en/latest/article/highlights-relive-the-best-bits-from-verstappens-victory-in-las-vegas.78v84eVvyJxIvOUvlof4Zm
1166,0,1,"Las Vegas Grand Prix, Las Vegas",https://www.formula1.com/en/latest/article/highlights-relive-the-best-bits-from-verstappens-victory-in-las-vegas.78v84eVvyJxIvOUvlof4Zm
1166,0,1,"Las Vegas Grand Prix, Las Vegas",https://www.formula1.com/en/latest/article/highlights-relive-the-best-bits-from-verstappens-victory-in-las-vegas.78v84eVvyJxIvOUvlof4Zm
1166,0,1,"Las Vegas Grand Prix, Las Vegas",https://www.formula1.com/en/latest/article/highlights-relive-the-best-bits-from-verstappens-victory-in-las-vegas.78v84eVvyJxIvOUvlof4Zm
1166,0,1,"Las Vegas Grand Prix, Las Vegas",https://www.formula1.com/en/latest/article/highlights-relive-the-best-bits-from-verstappens-victory-in-las-vegas.78v84eVvyJxIvOUvlof4Zm
1166,0,1,"Las Vegas Grand Prix, Las Vegas",https://www.formula1.com/en/latest/article/highlights-relive-the-best-bits-from-verstappens-victory-in-las-vegas.78v84eVvyJxIvOUvlof4Zm
1166,0,1,"Las Vegas Grand Prix, Las Vegas",https://www.formula1.com/en/latest/article/highlights-relive-the-best-bits-from-verstappens-victory-in-las-vegas.78v84eVvyJxIvOUvlof4Zm
1166,0,1,"Las Vegas Grand Prix, Las Vegas",https://www.formula1.com/en/latest/article/highlights-relive-the-best-bits-from-verstappens-victory-in-las-vegas.78v84eVvyJxIvOUvlof4Zm
1166,0,1,"Las Vegas Grand Prix, Las Vegas",https://www.formula1.com/en/latest/article/highlights-relive-the-best-bits-from-verstappens-victory-in-las-vegas.78v84eVvyJxIvOUvlof4Zm
1166,0,1,"Las Vegas Grand Prix, Las Vegas",https://www.formula1.com/en/latest/article/highlights-relive-the-best-bits-from-verstappens-victory-in-las-vegas.78v84eVvyJxIvOUvlof4Zm
1167,1,0,"Qatar Grand Prix, Lusail",https://www.formula1.com/en/latest/article/highlights-catch-up-on-the-qatar-gp-action-as-verstappens-victory-sees-title.2zhikIaSRC4ptGBucolJHf
1167,1,0,"Qatar Grand Prix, Lusail",https://www.formula1.com/en/latest/article/highlights-catch-up-on-the-qatar-gp-action-as-verstappens-victory-sees-title.2zhikIaSRC4ptGBucolJHf
1167,1,0,"Qatar Grand Prix, Lusail",https://www.formula1.com/en/latest/article/highlights-catch-up-on-the-qatar-gp-action-as-verstappens-victory-sees-title.2zhikIaSRC4ptGBucolJHf
1167,1,0,"Qatar Grand Prix, Lusail",https://www.formula1.com/en/latest/article/highlights-catch-up-on-the-qatar-gp-action-as-verstappens-victory-sees-title.2zhikIaSRC4ptGBucolJHf
1167,1,0,"Qatar Grand Prix, Lusail",https://www.formula1.com/en/latest/article/highlights-catch-up-on-the-qatar-gp-action-as-verstappens-victory-sees-title.2zhikIaSRC4ptGBucolJHf
1167,1,0,"Qatar Grand Prix, Lusail",https://www.formula1.com/en/latest/article/highlights-catch-up-on-the-qatar-gp-action-as-verstappens-victory-sees-title.2zhikIaSRC4ptGBucolJHf
1167,1,0,"Qatar Grand Prix, Lusail",https://www.formula1.com/en/latest/article/highlights-catch-up-on-the-qatar-gp-action-as-verstappens-victory-sees-title.2zhikIaSRC4ptGBucolJHf
1167,1,0,"Qatar Grand Prix, Lusail",https://www.formula1.com/en/latest/article/highlights-catch-up-on-the-qatar-gp-action-as-verstappens-victory-sees-title.2zhikIaSRC4ptGBucolJHf
1167,1,0,"Qatar Grand Prix, Lusail",https://www.formula1.com/en/latest/article/highlights-catch-up-on-the-qatar-gp-action-as-verstappens-victory-sees-title.2zhikIaSRC4ptGBucolJHf
1167,1,0,"Qatar Grand Prix, Lusail",https://www.formula1.com/en/latest/article/highlights-catch-up-on-the-qatar-gp-action-as-verstappens-victory-sees-title.2zhikIaSRC4ptGBucolJHf
1167,1,0,"Qatar Grand Prix, Lusail",https://www.formula1.com/en/latest/article/highlights-catch-up-on-the-qatar-gp-action-as-verstappens-victory-sees-title.2zhikIaSRC4ptGBucolJHf
1167,1,0,"Qatar Grand Prix, Lusail",https://www.formula1.com/en/latest/article/highlights-catch-up-on-the-qatar-gp-action-as-verstappens-victory-sees-title.2zhikIaSRC4ptGBucolJHf
1167,1,0,"Qatar Grand Prix, Lusail",https://www.formula1.com/en/latest/article/highlights-catch-up-on-the-qatar-gp-action-as-verstappens-victory-sees-title.2zhikIaSRC4ptGBucolJHf
1167,1,0,"Qatar Grand Prix, Lusail",https://www.formula1.com/en/latest/article/highlights-catch-up-on-the-qatar-gp-action-as-verstappens-victory-sees-title.2zhikIaSRC4ptGBucolJHf
1167,1,0,"Qatar Grand Prix, Lusail",https://www.formula1.com/en/latest/article/highlights-catch-up-on-the-qatar-gp-action-as-verstappens-victory-sees-title.2zhikIaSRC4ptGBucolJHf
1167,1,0,"Qatar Grand Prix, Lusail",https://www.formula1.com/en/latest/article/highlights-catch-up-on-the-qatar-gp-action-as-verstappens-victory-sees-title.2zhikIaSRC4ptGBucolJHf
1167,1,0,"Qatar Grand Prix, Lusail",https://www.formula1.com/en/latest/article/highlights-catch-up-on-the-qatar-gp-action-as-verstappens-victory-sees-title.2zhikIaSRC4ptGBucolJHf
1167,1,0,"Qatar Grand Prix, Lusail",https://www.formula1.com/en/latest/article/highlights-catch-up-on-the-qatar-gp-action-as-verstappens-victory-sees-title.2zhikIaSRC4ptGBucolJHf
1167,1,0,"Qatar Grand Prix, Lusail",https://www.formula1.com/en/latest/article/highlights-catch-up-on-the-qatar-gp-action-as-verstappens-victory-sees-title.2zhikIaSRC4ptGBucolJHf
1167,1,0,"Qatar Grand Prix, Lusail",https://www.formula1.com/en/latest/article/highlights-catch-up-on-the-qatar-gp-action-as-verstappens-victory-sees-title.2zhikIaSRC4ptGBucolJHf
1168,0,0,"Abu Dhabi Grand Prix, Abu Dhabi",https://www.formula1.com/en/latest/article/highlights-relive-the-action-as-norris-is-crowned-champion-while-verstappen.2Z4Gu6PS7j4lOOQ7Wkct6I
1168,0,0,"Abu Dhabi Grand Prix, Abu Dhabi",https://www.formula1.com/en/latest/article/highlights-relive-the-action-as-norris-is-crowned-champion-while-verstappen.2Z4Gu6PS7j4lOOQ7Wkct6I
1168,0,0,"Abu Dhabi Grand Prix, Abu Dhabi",https://www.formula1.com/en/latest/article/highlights-relive-the-action-as-norris-is-crowned-champion-while-verstappen.2Z4Gu6PS7j4lOOQ7Wkct6I
1168,0,0,"Abu Dhabi Grand Prix, Abu Dhabi",https://www.formula1.com/en/latest/article/highlights-relive-the-action-as-norris-is-crowned-champion-while-verstappen.2Z4Gu6PS7j4lOOQ7Wkct6I
1168,0,0,"Abu Dhabi Grand Prix, Abu Dhabi",https://www.formula1.com/en/latest/article/highlights-relive-the-action-as-norris-is-crowned-champion-while-verstappen.2Z4Gu6PS7j4lOOQ7Wkct6I
1168,0,0,"Abu Dhabi Grand Prix, Abu Dhabi",https://www.formula1.com/en/latest/article/highlights-relive-the-action-as-norris-is-crowned-champion-while-verstappen.2Z4Gu6PS7j4lOOQ7Wkct6I
1168,0,0,"Abu Dhabi Grand Prix, Abu Dhabi",https://www.formula1.com/en/latest/article/highlights-relive-the-action-as-norris-is-crowned-champion-while-verstappen.2Z4Gu6PS7j4lOOQ7Wkct6I
1168,0,0,"Abu Dhabi Grand Prix, Abu Dhabi",https://www.formula1.com/en/latest/article/highlights-relive-the-action-as-norris-is-crowned-champion-while-verstappen.2Z4Gu6PS7j4lOOQ7Wkct6I
1168,0,0,"Abu Dhabi Grand Prix, Abu Dhabi",https://www.formula1.com/en/latest/article/highlights-relive-the-action-as-norris-is-crowned-champion-while-verstappen.2Z4Gu6PS7j4lOOQ7Wkct6I
1168,0,0,"Abu Dhabi Grand Prix, Abu Dhabi",https://www.formula1.com/en/latest/article/highlights-relive-the-action-as-norris-is-crowned-champion-while-verstappen.2Z4Gu6PS7j4lOOQ7Wkct6I
1168,0,0,"Abu Dhabi Grand Prix, Abu Dhabi",https://www.formula1.com/en/latest/article/highlights-relive-the-action-as-norris-is-crowned-champion-while-verstappen.2Z4Gu6PS7j4lOOQ7Wkct6I
1168,0,0,"Abu Dhabi Grand Prix, Abu Dhabi",https://www.formula1.com/en/latest/article/highlights-relive-the-action-as-norris-is-crowned-champion-while-verstappen.2Z4Gu6PS7j4lOOQ7Wkct6I
1168,0,0,"Abu Dhabi Grand Prix, Abu Dhabi",https://www.formula1.com/en/latest/article/highlights-relive-the-action-as-norris-is-crowned-champion-while-verstappen.2Z4Gu6PS7j4lOOQ7Wkct6I
1168,0,0,"Abu Dhabi Grand Prix, Abu Dhabi",https://www.formula1.com/en/latest/article/highlights-relive-the-action-as-norris-is-crowned-champion-while-verstappen.2Z4Gu6PS7j4lOOQ7Wkct6I
1168,0,0,"Abu Dhabi Grand Prix, Abu Dhabi",https://www.formula1.com/en/latest/article/highlights-relive-the-action-as-norris-is-crowned-champion-while-verstappen.2Z4Gu6PS7j4lOOQ7Wkct6I
1168,0,0,"Abu Dhabi Grand Prix, Abu Dhabi",https://www.formula1.com/en/latest/article/highlights-relive-the-action-as-norris-is-crowned-champion-while-verstappen.2Z4Gu6PS7j4lOOQ7Wkct6I
1168,0,0,"Abu Dhabi Grand Prix, Abu Dhabi",https://www.formula1.com/en/latest/article/highlights-relive-the-action-as-norris-is-crowned-champion-while-verstappen.2Z4Gu6PS7j4lOOQ7Wkct6I
1168,0,0,"Abu Dhabi Grand Prix, Abu Dhabi",https://www.formula1.com/en/latest/article/highlights-relive-the-action-as-norris-is-crowned-champion-while-verstappen.2Z4Gu6PS7j4lOOQ7Wkct6I
1168,0,0,"Abu Dhabi Grand Prix, Abu Dhabi",https://www.formula1.com/en/latest/article/highlights-relive-the-action-as-norris-is-crowned-champion-while-verstappen.2Z4Gu6PS7j4lOOQ7Wkct6I
1168,0,0,"Abu Dhabi Grand Prix, Abu Dhabi",https://www.formula1.com/en/latest/article/highlights-relive-the-action-as-norris-is-crowned-champion-while-verstappen.2Z4Gu6PS7j4lOOQ7Wkct6I